Function Creation.S-,Return modifier.T+;2;[WhisperSystems_Signal-Android-473e470883e042d9925abb2ecdd5c7cbcbb67afc, apache_derby-2209325d3240cb74debe06c925e272126f4be29b]
Exception Handler.S-,Function Creation.S-,Function access.T+;2;[apache_tomcat-177543b17c9d7f46afe385a594184e0f5b73a812, netty_netty-7327bb35222baf0a8c3b10644f2c144587988476]
Exception Handler.S-,Function Creation.S-,Function access.S-,Function access.T+;2;[apache_tomcat-177543b17c9d7f46afe385a594184e0f5b73a812, netty_netty-7327bb35222baf0a8c3b10644f2c144587988476]
Function Creation.S-,Return modifier.S-;2;[apache_tomcat-925a5eab5d360b6a26cf6f58d0614a20b10cca21, apache_tomcat-a3e0f09ab8caf310bb97eff9affe514b88f82946]
Flow loop control.S-,Function Creation.T+,Function access.T+;3;[apache_derby-ed824068e216a52cc696569b80126dd2639eedf9, apache_tomcat-094fd3573943eeac3f2db01f89c89312e2ed7f78, netty_netty-7327bb35222baf0a8c3b10644f2c144587988476]
Function Creation.S-,Function access.T+,Variable declaration.T+;2;[WhisperSystems_Signal-Android-473e470883e042d9925abb2ecdd5c7cbcbb67afc, netty_netty-17492109850e5cd1ba22cacb3e02fc6f705af073]
Flow loop control.T+,Function Creation.S-,Function access.S-,Function access.T+;3;[apache_derby-ed824068e216a52cc696569b80126dd2639eedf9, apache_tomcat-094fd3573943eeac3f2db01f89c89312e2ed7f78, netty_netty-7327bb35222baf0a8c3b10644f2c144587988476]
Exception Handler.S-,Exception Handler.T+,Function access.S-;2;[apache_tomcat-177543b17c9d7f46afe385a594184e0f5b73a812, netty_netty-7327bb35222baf0a8c3b10644f2c144587988476]
Exception Handler.S-,Exception Handler.T+,Function access.T+;2;[apache_tomcat-177543b17c9d7f46afe385a594184e0f5b73a812, netty_netty-7327bb35222baf0a8c3b10644f2c144587988476]
Exception Handler.S-,Function Creation.S-;5;[apache_derby-5781f54d8f0cf7f4fb049878f4ec849cffffc91b, apache_tomcat-0699c3648f0d372f057bbe177fe7c440d84be853, apache_tomcat-eab872bc6cfa347cea557c9620000aff7569bf8a, apache_tomcat-177543b17c9d7f46afe385a594184e0f5b73a812, netty_netty-7327bb35222baf0a8c3b10644f2c144587988476]
Exception Handler.S-,Function Creation.T+;5;[apache_derby-5781f54d8f0cf7f4fb049878f4ec849cffffc91b, apache_tomcat-0699c3648f0d372f057bbe177fe7c440d84be853, apache_tomcat-eab872bc6cfa347cea557c9620000aff7569bf8a, apache_tomcat-177543b17c9d7f46afe385a594184e0f5b73a812, netty_netty-7327bb35222baf0a8c3b10644f2c144587988476]
Function Creation.S-,Function Creation.T+,Function access.T+,Variable declaration.T+;2;[WhisperSystems_Signal-Android-473e470883e042d9925abb2ecdd5c7cbcbb67afc, netty_netty-17492109850e5cd1ba22cacb3e02fc6f705af073]
Exception Handler.S-,Function Creation.S-,Function access.S-;4;[apache_tomcat-0699c3648f0d372f057bbe177fe7c440d84be853, apache_tomcat-eab872bc6cfa347cea557c9620000aff7569bf8a, apache_tomcat-177543b17c9d7f46afe385a594184e0f5b73a812, netty_netty-7327bb35222baf0a8c3b10644f2c144587988476]
Flow loop control.S-,Function Creation.T+,Function access.S-;3;[apache_derby-ed824068e216a52cc696569b80126dd2639eedf9, apache_tomcat-094fd3573943eeac3f2db01f89c89312e2ed7f78, netty_netty-7327bb35222baf0a8c3b10644f2c144587988476]
Exception Handler.S-,Function access.S-,Function access.T+;2;[apache_tomcat-177543b17c9d7f46afe385a594184e0f5b73a812, netty_netty-7327bb35222baf0a8c3b10644f2c144587988476]
Exception Handler.T+,Function Creation.S-,Function access.S-;2;[apache_tomcat-177543b17c9d7f46afe385a594184e0f5b73a812, netty_netty-7327bb35222baf0a8c3b10644f2c144587988476]
Function Creation.S-,Variable declaration.T+;2;[WhisperSystems_Signal-Android-473e470883e042d9925abb2ecdd5c7cbcbb67afc, netty_netty-17492109850e5cd1ba22cacb3e02fc6f705af073]
Exception Handler.T+,Function Creation.S-,Function access.T+;4;[netty_netty-ebfb2832b232644adc5900135d2ff38252b02b70, apache_tomcat-43f2ef34c651728e074d7e6fdc9178abea3aad45, apache_tomcat-177543b17c9d7f46afe385a594184e0f5b73a812, netty_netty-7327bb35222baf0a8c3b10644f2c144587988476]
Exception Handler.S-,Exception Handler.T+,Function Creation.S-,Function Creation.T+;3;[apache_derby-5781f54d8f0cf7f4fb049878f4ec849cffffc91b, apache_tomcat-177543b17c9d7f46afe385a594184e0f5b73a812, netty_netty-7327bb35222baf0a8c3b10644f2c144587988476]
Return modifier.T+;2;[WhisperSystems_Signal-Android-473e470883e042d9925abb2ecdd5c7cbcbb67afc, apache_derby-2209325d3240cb74debe06c925e272126f4be29b]
Return modifier.S-;2;[apache_tomcat-925a5eab5d360b6a26cf6f58d0614a20b10cca21, apache_tomcat-a3e0f09ab8caf310bb97eff9affe514b88f82946]
Function access.T+,Variable declaration.T+;2;[WhisperSystems_Signal-Android-473e470883e042d9925abb2ecdd5c7cbcbb67afc, netty_netty-17492109850e5cd1ba22cacb3e02fc6f705af073]
Flow loop control.S-,Function Creation.S-;3;[apache_derby-ed824068e216a52cc696569b80126dd2639eedf9, apache_tomcat-094fd3573943eeac3f2db01f89c89312e2ed7f78, netty_netty-7327bb35222baf0a8c3b10644f2c144587988476]
Flow loop control.S-,Function Creation.T+;3;[apache_derby-ed824068e216a52cc696569b80126dd2639eedf9, apache_tomcat-094fd3573943eeac3f2db01f89c89312e2ed7f78, netty_netty-7327bb35222baf0a8c3b10644f2c144587988476]
Flow loop control.T+,Function Creation.T+,Function access.S-,Function access.T+;3;[apache_derby-ed824068e216a52cc696569b80126dd2639eedf9, apache_tomcat-094fd3573943eeac3f2db01f89c89312e2ed7f78, netty_netty-7327bb35222baf0a8c3b10644f2c144587988476]
Exception Handler.S-,Exception Handler.T+,Function Creation.S-,Function access.S-,Function access.T+;2;[apache_tomcat-177543b17c9d7f46afe385a594184e0f5b73a812, netty_netty-7327bb35222baf0a8c3b10644f2c144587988476]
Function Creation.S-,Function Creation.T+,Operator expression.T+;2;[apache_derby-2209325d3240cb74debe06c925e272126f4be29b, apache_tomcat-177543b17c9d7f46afe385a594184e0f5b73a812]
Function Creation.T+;43;[apache_derby-a0f4b6889ab113bcf342542657c708b5b987ad10, apache_derby-4aef9b04e91d22b153899700a3a295b686039a22, WhisperSystems_Signal-Android-a930ec540412e65a9016563c8e259f73fc55107e, apache_tomcat-68edeb892be110a578f09b689425a54618916667, apache_tomcat-8cb5606b2caa373bb00d690759f562d7e69e81b6, WhisperSystems_Signal-Android-473e470883e042d9925abb2ecdd5c7cbcbb67afc, apache_derby-75fbaa9a6287406c68ad952050a9c4e451426cde, apache_derby-9a0cdf1f8cd16526b16733b28ea0b8a498ba530c, apache_derby-070d37e30600755f16216090af3cc2a8987d2972, apache_tomcat-7d0a42e9d29654d31a70db4e1f4f42ffa807ad59, apache_tomcat-c8e1569ea59ed17b8b2ea3a4c704e4dd2dadff2f, apache_tomcat-1edfc986ba6be3a7d0bf81f86a7b3dd9a83a5e05, netty_netty-d51ccd221119bb81e40c83ea403cc5129465e6c5, apache_tomcat-b497aa9d0a73f39d01d47b3caa1151009e9250f5, netty_netty-23d017849429c18e1890b0a5799e5262df4f269f, apache_tomcat-bead07d06ec462e3e09396e7a60c3d1b1bbdc3bb, apache_tomcat-818484179d80771d74040bca379d9f82c32a5bf1, apache_tomcat-434ab42dfee8fcc4093ba47a47da619f150bf5f3, apache_derby-5ef7a0d9e4f315a3b0b72012ab3fd8add5e7a6dc, apache_derby-4b66efc84235fd5caae5d8eb810609258d95b303, apache_tomcat-794d2fecd50fecdcf9cb9be357b04626d3238034, apache_derby-c7d6c7586a306cf23696cfe1b58049286b4dbaef, netty_netty-8d88acb4a79830cb659a560e317be3ccfd94796e, apache_derby-5781f54d8f0cf7f4fb049878f4ec849cffffc91b, Netflix_Hystrix-bce728d396e7d1b292e0116ad6e44a07552afa18, apache_tomcat-0699c3648f0d372f057bbe177fe7c440d84be853, apache_tomcat-eab872bc6cfa347cea557c9620000aff7569bf8a, netty_netty-ebfb2832b232644adc5900135d2ff38252b02b70, apache_tomcat-43f2ef34c651728e074d7e6fdc9178abea3aad45, apache_derby-ed824068e216a52cc696569b80126dd2639eedf9, apache_tomcat-094fd3573943eeac3f2db01f89c89312e2ed7f78, apache_tomcat-925a5eab5d360b6a26cf6f58d0614a20b10cca21, apache_tomcat-9d1f1211ecd24f39e6a1a90adf450c1c974da01a, apache_derby-2209325d3240cb74debe06c925e272126f4be29b, apache_derby-bd5419873c4131c092c59b1c87d252082bea2a24, apache_derby-01c7f8356c2c8dfc2a42a52f65fa2715b59662cb, WhisperSystems_Signal-Android-a370f086c0dcbd93b4c89abc410fb9f4708e2945, netty_netty-f2d1f1e8ad00ad2c6f81b8c63ec1d37a0d9bdbb2, apache_derby-ffe3f662f94754b5116e091d440f24490af49b7e, netty_netty-17492109850e5cd1ba22cacb3e02fc6f705af073, apache_tomcat-177543b17c9d7f46afe385a594184e0f5b73a812, apache_derby-9d34086a962d7cadca6ba344256f4ac91540c04e, netty_netty-7327bb35222baf0a8c3b10644f2c144587988476]
Function Creation.S-;54;[apache_tomcat-36cf18b54e708d275c2060938a05b1a29475bbea, netty_netty-8fb80e91796e8567aca5e2b8244f853f8631217b, apache_tomcat-a9ca29e07967d017f1ea253adaef876d13084c44, apache_tomcat-5c87032d3578b7546a3ce0c2826e1f2a82383c8a, apache_tomcat-53617a20116d4ad8800108f6d421ec92d6674d35, apache_tomcat-90709c7830f674ab947415849a2e9ca2b1396c7d, apache_tomcat-c5daa0decb168a35aca55cb162b883608648e4ec, netty_netty-33a810a513dc5d69ec171adb1c84378524e066e3, apache_tomcat-24e312e13d6e8ad5eba96101d89202a6c0f808d9, apache_derby-a0f4b6889ab113bcf342542657c708b5b987ad10, apache_derby-4aef9b04e91d22b153899700a3a295b686039a22, WhisperSystems_Signal-Android-a930ec540412e65a9016563c8e259f73fc55107e, apache_tomcat-68edeb892be110a578f09b689425a54618916667, apache_tomcat-8cb5606b2caa373bb00d690759f562d7e69e81b6, WhisperSystems_Signal-Android-473e470883e042d9925abb2ecdd5c7cbcbb67afc, apache_derby-75fbaa9a6287406c68ad952050a9c4e451426cde, apache_derby-9a0cdf1f8cd16526b16733b28ea0b8a498ba530c, apache_derby-070d37e30600755f16216090af3cc2a8987d2972, apache_tomcat-7d0a42e9d29654d31a70db4e1f4f42ffa807ad59, apache_tomcat-c8e1569ea59ed17b8b2ea3a4c704e4dd2dadff2f, apache_tomcat-1edfc986ba6be3a7d0bf81f86a7b3dd9a83a5e05, netty_netty-d51ccd221119bb81e40c83ea403cc5129465e6c5, apache_tomcat-b497aa9d0a73f39d01d47b3caa1151009e9250f5, netty_netty-23d017849429c18e1890b0a5799e5262df4f269f, apache_tomcat-bead07d06ec462e3e09396e7a60c3d1b1bbdc3bb, apache_tomcat-818484179d80771d74040bca379d9f82c32a5bf1, apache_tomcat-434ab42dfee8fcc4093ba47a47da619f150bf5f3, apache_derby-5ef7a0d9e4f315a3b0b72012ab3fd8add5e7a6dc, apache_derby-4b66efc84235fd5caae5d8eb810609258d95b303, apache_tomcat-794d2fecd50fecdcf9cb9be357b04626d3238034, apache_derby-c7d6c7586a306cf23696cfe1b58049286b4dbaef, netty_netty-8d88acb4a79830cb659a560e317be3ccfd94796e, apache_derby-5781f54d8f0cf7f4fb049878f4ec849cffffc91b, Netflix_Hystrix-bce728d396e7d1b292e0116ad6e44a07552afa18, apache_tomcat-0699c3648f0d372f057bbe177fe7c440d84be853, apache_tomcat-eab872bc6cfa347cea557c9620000aff7569bf8a, netty_netty-ebfb2832b232644adc5900135d2ff38252b02b70, apache_tomcat-43f2ef34c651728e074d7e6fdc9178abea3aad45, apache_derby-ed824068e216a52cc696569b80126dd2639eedf9, apache_tomcat-094fd3573943eeac3f2db01f89c89312e2ed7f78, apache_tomcat-925a5eab5d360b6a26cf6f58d0614a20b10cca21, apache_tomcat-9d1f1211ecd24f39e6a1a90adf450c1c974da01a, apache_derby-2209325d3240cb74debe06c925e272126f4be29b, apache_tomcat-afbf343d1946b2385ff0b8a55c72f39ac6fe3cb4, apache_derby-bd5419873c4131c092c59b1c87d252082bea2a24, apache_derby-01c7f8356c2c8dfc2a42a52f65fa2715b59662cb, WhisperSystems_Signal-Android-a370f086c0dcbd93b4c89abc410fb9f4708e2945, netty_netty-f2d1f1e8ad00ad2c6f81b8c63ec1d37a0d9bdbb2, apache_derby-ffe3f662f94754b5116e091d440f24490af49b7e, netty_netty-17492109850e5cd1ba22cacb3e02fc6f705af073, apache_tomcat-177543b17c9d7f46afe385a594184e0f5b73a812, apache_derby-9d34086a962d7cadca6ba344256f4ac91540c04e, netty_netty-7327bb35222baf0a8c3b10644f2c144587988476, apache_tomcat-a3e0f09ab8caf310bb97eff9affe514b88f82946]
Flow loop control.S-,Function Creation.T+,Function access.S-,Function access.T+;3;[apache_derby-ed824068e216a52cc696569b80126dd2639eedf9, apache_tomcat-094fd3573943eeac3f2db01f89c89312e2ed7f78, netty_netty-7327bb35222baf0a8c3b10644f2c144587988476]
Exception Handler.S-,Function access.S-;4;[apache_tomcat-0699c3648f0d372f057bbe177fe7c440d84be853, apache_tomcat-eab872bc6cfa347cea557c9620000aff7569bf8a, apache_tomcat-177543b17c9d7f46afe385a594184e0f5b73a812, netty_netty-7327bb35222baf0a8c3b10644f2c144587988476]
Exception Handler.S-,Exception Handler.T+,Function Creation.T+,Function access.S-,Function access.T+;2;[apache_tomcat-177543b17c9d7f46afe385a594184e0f5b73a812, netty_netty-7327bb35222baf0a8c3b10644f2c144587988476]
Exception Handler.S-,Function access.T+;2;[apache_tomcat-177543b17c9d7f46afe385a594184e0f5b73a812, netty_netty-7327bb35222baf0a8c3b10644f2c144587988476]
Flow loop control.T+,Function Creation.T+,Function access.T+;4;[Netflix_Hystrix-bce728d396e7d1b292e0116ad6e44a07552afa18, apache_derby-ed824068e216a52cc696569b80126dd2639eedf9, apache_tomcat-094fd3573943eeac3f2db01f89c89312e2ed7f78, netty_netty-7327bb35222baf0a8c3b10644f2c144587988476]
Function access.S-,Return modifier.S-;2;[apache_tomcat-925a5eab5d360b6a26cf6f58d0614a20b10cca21, apache_tomcat-a3e0f09ab8caf310bb97eff9affe514b88f82946]
Flow loop control.S-,Flow loop control.T+,Function Creation.S-,Function Creation.T+;3;[apache_derby-ed824068e216a52cc696569b80126dd2639eedf9, apache_tomcat-094fd3573943eeac3f2db01f89c89312e2ed7f78, netty_netty-7327bb35222baf0a8c3b10644f2c144587988476]
Flow loop control.T+,Function Creation.T+,Function access.S-;3;[apache_derby-ed824068e216a52cc696569b80126dd2639eedf9, apache_tomcat-094fd3573943eeac3f2db01f89c89312e2ed7f78, netty_netty-7327bb35222baf0a8c3b10644f2c144587988476]
Conditional.T+;2;[apache_tomcat-afbf343d1946b2385ff0b8a55c72f39ac6fe3cb4, netty_netty-17492109850e5cd1ba22cacb3e02fc6f705af073]
Function Creation.T+,Variable declaration.T+;2;[WhisperSystems_Signal-Android-473e470883e042d9925abb2ecdd5c7cbcbb67afc, netty_netty-17492109850e5cd1ba22cacb3e02fc6f705af073]
Function Creation.T+,Function access.T+,Return modifier.T+;2;[WhisperSystems_Signal-Android-473e470883e042d9925abb2ecdd5c7cbcbb67afc, apache_derby-2209325d3240cb74debe06c925e272126f4be29b]
Function Creation.T+,Operator expression.T+;2;[apache_derby-2209325d3240cb74debe06c925e272126f4be29b, apache_tomcat-177543b17c9d7f46afe385a594184e0f5b73a812]
Exception Handler.T+,Function Creation.S-,Function access.S-,Function access.T+;2;[apache_tomcat-177543b17c9d7f46afe385a594184e0f5b73a812, netty_netty-7327bb35222baf0a8c3b10644f2c144587988476]
Function Creation.T+,Function access.S-;15;[apache_derby-a0f4b6889ab113bcf342542657c708b5b987ad10, apache_derby-4aef9b04e91d22b153899700a3a295b686039a22, WhisperSystems_Signal-Android-a930ec540412e65a9016563c8e259f73fc55107e, apache_tomcat-68edeb892be110a578f09b689425a54618916667, apache_tomcat-8cb5606b2caa373bb00d690759f562d7e69e81b6, apache_tomcat-0699c3648f0d372f057bbe177fe7c440d84be853, apache_tomcat-eab872bc6cfa347cea557c9620000aff7569bf8a, apache_derby-ed824068e216a52cc696569b80126dd2639eedf9, apache_tomcat-094fd3573943eeac3f2db01f89c89312e2ed7f78, apache_tomcat-925a5eab5d360b6a26cf6f58d0614a20b10cca21, apache_tomcat-9d1f1211ecd24f39e6a1a90adf450c1c974da01a, netty_netty-17492109850e5cd1ba22cacb3e02fc6f705af073, apache_tomcat-177543b17c9d7f46afe385a594184e0f5b73a812, apache_derby-9d34086a962d7cadca6ba344256f4ac91540c04e, netty_netty-7327bb35222baf0a8c3b10644f2c144587988476]
Function Creation.T+,Function access.T+;21;[apache_derby-a0f4b6889ab113bcf342542657c708b5b987ad10, apache_derby-4aef9b04e91d22b153899700a3a295b686039a22, WhisperSystems_Signal-Android-a930ec540412e65a9016563c8e259f73fc55107e, apache_tomcat-68edeb892be110a578f09b689425a54618916667, apache_tomcat-8cb5606b2caa373bb00d690759f562d7e69e81b6, WhisperSystems_Signal-Android-473e470883e042d9925abb2ecdd5c7cbcbb67afc, Netflix_Hystrix-bce728d396e7d1b292e0116ad6e44a07552afa18, netty_netty-ebfb2832b232644adc5900135d2ff38252b02b70, apache_tomcat-43f2ef34c651728e074d7e6fdc9178abea3aad45, apache_derby-ed824068e216a52cc696569b80126dd2639eedf9, apache_tomcat-094fd3573943eeac3f2db01f89c89312e2ed7f78, apache_derby-2209325d3240cb74debe06c925e272126f4be29b, apache_derby-bd5419873c4131c092c59b1c87d252082bea2a24, apache_derby-01c7f8356c2c8dfc2a42a52f65fa2715b59662cb, WhisperSystems_Signal-Android-a370f086c0dcbd93b4c89abc410fb9f4708e2945, netty_netty-f2d1f1e8ad00ad2c6f81b8c63ec1d37a0d9bdbb2, apache_derby-ffe3f662f94754b5116e091d440f24490af49b7e, netty_netty-17492109850e5cd1ba22cacb3e02fc6f705af073, apache_tomcat-177543b17c9d7f46afe385a594184e0f5b73a812, apache_derby-9d34086a962d7cadca6ba344256f4ac91540c04e, netty_netty-7327bb35222baf0a8c3b10644f2c144587988476]
Flow loop control.S-,Flow loop control.T+,Function access.S-;3;[apache_derby-ed824068e216a52cc696569b80126dd2639eedf9, apache_tomcat-094fd3573943eeac3f2db01f89c89312e2ed7f78, netty_netty-7327bb35222baf0a8c3b10644f2c144587988476]
Exception Handler.S-,Exception Handler.T+,Function Creation.S-,Function access.T+;2;[apache_tomcat-177543b17c9d7f46afe385a594184e0f5b73a812, netty_netty-7327bb35222baf0a8c3b10644f2c144587988476]
Exception Handler.S-,Function Creation.T+,Function access.S-,Function access.T+;2;[apache_tomcat-177543b17c9d7f46afe385a594184e0f5b73a812, netty_netty-7327bb35222baf0a8c3b10644f2c144587988476]
Exception Handler.S-,Exception Handler.T+,Function Creation.S-,Function access.S-;2;[apache_tomcat-177543b17c9d7f46afe385a594184e0f5b73a812, netty_netty-7327bb35222baf0a8c3b10644f2c144587988476]
Conditional.T+,Function Creation.S-,Function access.T+;2;[apache_tomcat-afbf343d1946b2385ff0b8a55c72f39ac6fe3cb4, netty_netty-17492109850e5cd1ba22cacb3e02fc6f705af073]
Flow loop control.T+,Function access.T+;4;[Netflix_Hystrix-bce728d396e7d1b292e0116ad6e44a07552afa18, apache_derby-ed824068e216a52cc696569b80126dd2639eedf9, apache_tomcat-094fd3573943eeac3f2db01f89c89312e2ed7f78, netty_netty-7327bb35222baf0a8c3b10644f2c144587988476]
Function Creation.T+,Function access.S-,Function access.T+;11;[apache_derby-a0f4b6889ab113bcf342542657c708b5b987ad10, apache_derby-4aef9b04e91d22b153899700a3a295b686039a22, WhisperSystems_Signal-Android-a930ec540412e65a9016563c8e259f73fc55107e, apache_tomcat-68edeb892be110a578f09b689425a54618916667, apache_tomcat-8cb5606b2caa373bb00d690759f562d7e69e81b6, apache_derby-ed824068e216a52cc696569b80126dd2639eedf9, apache_tomcat-094fd3573943eeac3f2db01f89c89312e2ed7f78, netty_netty-17492109850e5cd1ba22cacb3e02fc6f705af073, apache_tomcat-177543b17c9d7f46afe385a594184e0f5b73a812, apache_derby-9d34086a962d7cadca6ba344256f4ac91540c04e, netty_netty-7327bb35222baf0a8c3b10644f2c144587988476]
Flow loop control.T+,Function access.S-;3;[apache_derby-ed824068e216a52cc696569b80126dd2639eedf9, apache_tomcat-094fd3573943eeac3f2db01f89c89312e2ed7f78, netty_netty-7327bb35222baf0a8c3b10644f2c144587988476]
Function Creation.S-,Function access.S-,Return modifier.S-;2;[apache_tomcat-925a5eab5d360b6a26cf6f58d0614a20b10cca21, apache_tomcat-a3e0f09ab8caf310bb97eff9affe514b88f82946]
Exception Handler.T+,Function Creation.S-,Function Creation.T+,Function access.S-,Function access.T+;2;[apache_tomcat-177543b17c9d7f46afe385a594184e0f5b73a812, netty_netty-7327bb35222baf0a8c3b10644f2c144587988476]
Flow loop control.S-,Flow loop control.T+,Function access.T+;3;[apache_derby-ed824068e216a52cc696569b80126dd2639eedf9, apache_tomcat-094fd3573943eeac3f2db01f89c89312e2ed7f78, netty_netty-7327bb35222baf0a8c3b10644f2c144587988476]
Flow loop control.S-,Flow loop control.T+,Function Creation.S-,Function access.S-,Function access.T+;3;[apache_derby-ed824068e216a52cc696569b80126dd2639eedf9, apache_tomcat-094fd3573943eeac3f2db01f89c89312e2ed7f78, netty_netty-7327bb35222baf0a8c3b10644f2c144587988476]
Exception Handler.S-,Function Creation.S-,Function Creation.T+,Function access.S-;4;[apache_tomcat-0699c3648f0d372f057bbe177fe7c440d84be853, apache_tomcat-eab872bc6cfa347cea557c9620000aff7569bf8a, apache_tomcat-177543b17c9d7f46afe385a594184e0f5b73a812, netty_netty-7327bb35222baf0a8c3b10644f2c144587988476]
Flow loop control.S-,Flow loop control.T+,Function Creation.S-;3;[apache_derby-ed824068e216a52cc696569b80126dd2639eedf9, apache_tomcat-094fd3573943eeac3f2db01f89c89312e2ed7f78, netty_netty-7327bb35222baf0a8c3b10644f2c144587988476]
Exception Handler.T+,Function Creation.S-,Function Creation.T+,Function access.T+;4;[netty_netty-ebfb2832b232644adc5900135d2ff38252b02b70, apache_tomcat-43f2ef34c651728e074d7e6fdc9178abea3aad45, apache_tomcat-177543b17c9d7f46afe385a594184e0f5b73a812, netty_netty-7327bb35222baf0a8c3b10644f2c144587988476]
Exception Handler.S-,Function Creation.S-,Function Creation.T+,Function access.T+;2;[apache_tomcat-177543b17c9d7f46afe385a594184e0f5b73a812, netty_netty-7327bb35222baf0a8c3b10644f2c144587988476]
Flow loop control.S-,Flow loop control.T+,Function Creation.T+;3;[apache_derby-ed824068e216a52cc696569b80126dd2639eedf9, apache_tomcat-094fd3573943eeac3f2db01f89c89312e2ed7f78, netty_netty-7327bb35222baf0a8c3b10644f2c144587988476]
Function access.S-,Function access.T+;11;[apache_derby-a0f4b6889ab113bcf342542657c708b5b987ad10, apache_derby-4aef9b04e91d22b153899700a3a295b686039a22, WhisperSystems_Signal-Android-a930ec540412e65a9016563c8e259f73fc55107e, apache_tomcat-68edeb892be110a578f09b689425a54618916667, apache_tomcat-8cb5606b2caa373bb00d690759f562d7e69e81b6, apache_derby-ed824068e216a52cc696569b80126dd2639eedf9, apache_tomcat-094fd3573943eeac3f2db01f89c89312e2ed7f78, netty_netty-17492109850e5cd1ba22cacb3e02fc6f705af073, apache_tomcat-177543b17c9d7f46afe385a594184e0f5b73a812, apache_derby-9d34086a962d7cadca6ba344256f4ac91540c04e, netty_netty-7327bb35222baf0a8c3b10644f2c144587988476]
Function Creation.S-,Function Creation.T+,Function access.S-;15;[apache_derby-a0f4b6889ab113bcf342542657c708b5b987ad10, apache_derby-4aef9b04e91d22b153899700a3a295b686039a22, WhisperSystems_Signal-Android-a930ec540412e65a9016563c8e259f73fc55107e, apache_tomcat-68edeb892be110a578f09b689425a54618916667, apache_tomcat-8cb5606b2caa373bb00d690759f562d7e69e81b6, apache_tomcat-0699c3648f0d372f057bbe177fe7c440d84be853, apache_tomcat-eab872bc6cfa347cea557c9620000aff7569bf8a, apache_derby-ed824068e216a52cc696569b80126dd2639eedf9, apache_tomcat-094fd3573943eeac3f2db01f89c89312e2ed7f78, apache_tomcat-925a5eab5d360b6a26cf6f58d0614a20b10cca21, apache_tomcat-9d1f1211ecd24f39e6a1a90adf450c1c974da01a, netty_netty-17492109850e5cd1ba22cacb3e02fc6f705af073, apache_tomcat-177543b17c9d7f46afe385a594184e0f5b73a812, apache_derby-9d34086a962d7cadca6ba344256f4ac91540c04e, netty_netty-7327bb35222baf0a8c3b10644f2c144587988476]
Flow loop control.S-,Function Creation.S-,Function Creation.T+,Function access.S-,Function access.T+;3;[apache_derby-ed824068e216a52cc696569b80126dd2639eedf9, apache_tomcat-094fd3573943eeac3f2db01f89c89312e2ed7f78, netty_netty-7327bb35222baf0a8c3b10644f2c144587988476]
Function Creation.S-,Function Creation.T+,Function access.T+;21;[apache_derby-a0f4b6889ab113bcf342542657c708b5b987ad10, apache_derby-4aef9b04e91d22b153899700a3a295b686039a22, WhisperSystems_Signal-Android-a930ec540412e65a9016563c8e259f73fc55107e, apache_tomcat-68edeb892be110a578f09b689425a54618916667, apache_tomcat-8cb5606b2caa373bb00d690759f562d7e69e81b6, WhisperSystems_Signal-Android-473e470883e042d9925abb2ecdd5c7cbcbb67afc, Netflix_Hystrix-bce728d396e7d1b292e0116ad6e44a07552afa18, netty_netty-ebfb2832b232644adc5900135d2ff38252b02b70, apache_tomcat-43f2ef34c651728e074d7e6fdc9178abea3aad45, apache_derby-ed824068e216a52cc696569b80126dd2639eedf9, apache_tomcat-094fd3573943eeac3f2db01f89c89312e2ed7f78, apache_derby-2209325d3240cb74debe06c925e272126f4be29b, apache_derby-bd5419873c4131c092c59b1c87d252082bea2a24, apache_derby-01c7f8356c2c8dfc2a42a52f65fa2715b59662cb, WhisperSystems_Signal-Android-a370f086c0dcbd93b4c89abc410fb9f4708e2945, netty_netty-f2d1f1e8ad00ad2c6f81b8c63ec1d37a0d9bdbb2, apache_derby-ffe3f662f94754b5116e091d440f24490af49b7e, netty_netty-17492109850e5cd1ba22cacb3e02fc6f705af073, apache_tomcat-177543b17c9d7f46afe385a594184e0f5b73a812, apache_derby-9d34086a962d7cadca6ba344256f4ac91540c04e, netty_netty-7327bb35222baf0a8c3b10644f2c144587988476]
Exception Handler.T+;5;[apache_derby-5781f54d8f0cf7f4fb049878f4ec849cffffc91b, netty_netty-ebfb2832b232644adc5900135d2ff38252b02b70, apache_tomcat-43f2ef34c651728e074d7e6fdc9178abea3aad45, apache_tomcat-177543b17c9d7f46afe385a594184e0f5b73a812, netty_netty-7327bb35222baf0a8c3b10644f2c144587988476]
Exception Handler.S-;5;[apache_derby-5781f54d8f0cf7f4fb049878f4ec849cffffc91b, apache_tomcat-0699c3648f0d372f057bbe177fe7c440d84be853, apache_tomcat-eab872bc6cfa347cea557c9620000aff7569bf8a, apache_tomcat-177543b17c9d7f46afe385a594184e0f5b73a812, netty_netty-7327bb35222baf0a8c3b10644f2c144587988476]
Function Creation.S-,Function access.T+,Operator expression.T+;3;[apache_derby-2209325d3240cb74debe06c925e272126f4be29b, apache_tomcat-afbf343d1946b2385ff0b8a55c72f39ac6fe3cb4, apache_tomcat-177543b17c9d7f46afe385a594184e0f5b73a812]
Flow loop control.S-,Flow loop control.T+,Function Creation.S-,Function Creation.T+,Function access.T+;3;[apache_derby-ed824068e216a52cc696569b80126dd2639eedf9, apache_tomcat-094fd3573943eeac3f2db01f89c89312e2ed7f78, netty_netty-7327bb35222baf0a8c3b10644f2c144587988476]
Flow loop control.S-,Flow loop control.T+,Function Creation.S-,Function Creation.T+,Function access.S-;3;[apache_derby-ed824068e216a52cc696569b80126dd2639eedf9, apache_tomcat-094fd3573943eeac3f2db01f89c89312e2ed7f78, netty_netty-7327bb35222baf0a8c3b10644f2c144587988476]
Exception Handler.T+,Function Creation.S-,Function Creation.T+,Function access.S-;2;[apache_tomcat-177543b17c9d7f46afe385a594184e0f5b73a812, netty_netty-7327bb35222baf0a8c3b10644f2c144587988476]
Function Creation.S-,Function Creation.T+,Function access.T+,Return modifier.T+;2;[WhisperSystems_Signal-Android-473e470883e042d9925abb2ecdd5c7cbcbb67afc, apache_derby-2209325d3240cb74debe06c925e272126f4be29b]
Function access.T+,Return modifier.T+;2;[WhisperSystems_Signal-Android-473e470883e042d9925abb2ecdd5c7cbcbb67afc, apache_derby-2209325d3240cb74debe06c925e272126f4be29b]
Exception Handler.T+,Function Creation.S-,Function Creation.T+;5;[apache_derby-5781f54d8f0cf7f4fb049878f4ec849cffffc91b, netty_netty-ebfb2832b232644adc5900135d2ff38252b02b70, apache_tomcat-43f2ef34c651728e074d7e6fdc9178abea3aad45, apache_tomcat-177543b17c9d7f46afe385a594184e0f5b73a812, netty_netty-7327bb35222baf0a8c3b10644f2c144587988476]
Flow loop control.S-,Flow loop control.T+,Function access.S-,Function access.T+;3;[apache_derby-ed824068e216a52cc696569b80126dd2639eedf9, apache_tomcat-094fd3573943eeac3f2db01f89c89312e2ed7f78, netty_netty-7327bb35222baf0a8c3b10644f2c144587988476]
Exception Handler.T+,Function Creation.T+,Function access.S-,Function access.T+;2;[apache_tomcat-177543b17c9d7f46afe385a594184e0f5b73a812, netty_netty-7327bb35222baf0a8c3b10644f2c144587988476]
Variable declaration.T+;2;[WhisperSystems_Signal-Android-473e470883e042d9925abb2ecdd5c7cbcbb67afc, netty_netty-17492109850e5cd1ba22cacb3e02fc6f705af073]
Function Creation.S-,Operator expression.T+;3;[apache_derby-2209325d3240cb74debe06c925e272126f4be29b, apache_tomcat-afbf343d1946b2385ff0b8a55c72f39ac6fe3cb4, apache_tomcat-177543b17c9d7f46afe385a594184e0f5b73a812]
Exception Handler.T+,Function Creation.T+;5;[apache_derby-5781f54d8f0cf7f4fb049878f4ec849cffffc91b, netty_netty-ebfb2832b232644adc5900135d2ff38252b02b70, apache_tomcat-43f2ef34c651728e074d7e6fdc9178abea3aad45, apache_tomcat-177543b17c9d7f46afe385a594184e0f5b73a812, netty_netty-7327bb35222baf0a8c3b10644f2c144587988476]
Function Creation.S-,Function Creation.T+;43;[apache_derby-a0f4b6889ab113bcf342542657c708b5b987ad10, apache_derby-4aef9b04e91d22b153899700a3a295b686039a22, WhisperSystems_Signal-Android-a930ec540412e65a9016563c8e259f73fc55107e, apache_tomcat-68edeb892be110a578f09b689425a54618916667, apache_tomcat-8cb5606b2caa373bb00d690759f562d7e69e81b6, WhisperSystems_Signal-Android-473e470883e042d9925abb2ecdd5c7cbcbb67afc, apache_derby-75fbaa9a6287406c68ad952050a9c4e451426cde, apache_derby-9a0cdf1f8cd16526b16733b28ea0b8a498ba530c, apache_derby-070d37e30600755f16216090af3cc2a8987d2972, apache_tomcat-7d0a42e9d29654d31a70db4e1f4f42ffa807ad59, apache_tomcat-c8e1569ea59ed17b8b2ea3a4c704e4dd2dadff2f, apache_tomcat-1edfc986ba6be3a7d0bf81f86a7b3dd9a83a5e05, netty_netty-d51ccd221119bb81e40c83ea403cc5129465e6c5, apache_tomcat-b497aa9d0a73f39d01d47b3caa1151009e9250f5, netty_netty-23d017849429c18e1890b0a5799e5262df4f269f, apache_tomcat-bead07d06ec462e3e09396e7a60c3d1b1bbdc3bb, apache_tomcat-818484179d80771d74040bca379d9f82c32a5bf1, apache_tomcat-434ab42dfee8fcc4093ba47a47da619f150bf5f3, apache_derby-5ef7a0d9e4f315a3b0b72012ab3fd8add5e7a6dc, apache_derby-4b66efc84235fd5caae5d8eb810609258d95b303, apache_tomcat-794d2fecd50fecdcf9cb9be357b04626d3238034, apache_derby-c7d6c7586a306cf23696cfe1b58049286b4dbaef, netty_netty-8d88acb4a79830cb659a560e317be3ccfd94796e, apache_derby-5781f54d8f0cf7f4fb049878f4ec849cffffc91b, Netflix_Hystrix-bce728d396e7d1b292e0116ad6e44a07552afa18, apache_tomcat-0699c3648f0d372f057bbe177fe7c440d84be853, apache_tomcat-eab872bc6cfa347cea557c9620000aff7569bf8a, netty_netty-ebfb2832b232644adc5900135d2ff38252b02b70, apache_tomcat-43f2ef34c651728e074d7e6fdc9178abea3aad45, apache_derby-ed824068e216a52cc696569b80126dd2639eedf9, apache_tomcat-094fd3573943eeac3f2db01f89c89312e2ed7f78, apache_tomcat-925a5eab5d360b6a26cf6f58d0614a20b10cca21, apache_tomcat-9d1f1211ecd24f39e6a1a90adf450c1c974da01a, apache_derby-2209325d3240cb74debe06c925e272126f4be29b, apache_derby-bd5419873c4131c092c59b1c87d252082bea2a24, apache_derby-01c7f8356c2c8dfc2a42a52f65fa2715b59662cb, WhisperSystems_Signal-Android-a370f086c0dcbd93b4c89abc410fb9f4708e2945, netty_netty-f2d1f1e8ad00ad2c6f81b8c63ec1d37a0d9bdbb2, apache_derby-ffe3f662f94754b5116e091d440f24490af49b7e, netty_netty-17492109850e5cd1ba22cacb3e02fc6f705af073, apache_tomcat-177543b17c9d7f46afe385a594184e0f5b73a812, apache_derby-9d34086a962d7cadca6ba344256f4ac91540c04e, netty_netty-7327bb35222baf0a8c3b10644f2c144587988476]
Exception Handler.T+,Function Creation.S-;5;[apache_derby-5781f54d8f0cf7f4fb049878f4ec849cffffc91b, netty_netty-ebfb2832b232644adc5900135d2ff38252b02b70, apache_tomcat-43f2ef34c651728e074d7e6fdc9178abea3aad45, apache_tomcat-177543b17c9d7f46afe385a594184e0f5b73a812, netty_netty-7327bb35222baf0a8c3b10644f2c144587988476]
Flow loop control.T+;4;[Netflix_Hystrix-bce728d396e7d1b292e0116ad6e44a07552afa18, apache_derby-ed824068e216a52cc696569b80126dd2639eedf9, apache_tomcat-094fd3573943eeac3f2db01f89c89312e2ed7f78, netty_netty-7327bb35222baf0a8c3b10644f2c144587988476]
Flow loop control.S-;3;[apache_derby-ed824068e216a52cc696569b80126dd2639eedf9, apache_tomcat-094fd3573943eeac3f2db01f89c89312e2ed7f78, netty_netty-7327bb35222baf0a8c3b10644f2c144587988476]
Flow loop control.S-,Flow loop control.T+,Function Creation.S-,Function access.T+;3;[apache_derby-ed824068e216a52cc696569b80126dd2639eedf9, apache_tomcat-094fd3573943eeac3f2db01f89c89312e2ed7f78, netty_netty-7327bb35222baf0a8c3b10644f2c144587988476]
Flow loop control.S-,Flow loop control.T+,Function Creation.S-,Function access.S-;3;[apache_derby-ed824068e216a52cc696569b80126dd2639eedf9, apache_tomcat-094fd3573943eeac3f2db01f89c89312e2ed7f78, netty_netty-7327bb35222baf0a8c3b10644f2c144587988476]
Exception Handler.S-,Exception Handler.T+,Function access.S-,Function access.T+;2;[apache_tomcat-177543b17c9d7f46afe385a594184e0f5b73a812, netty_netty-7327bb35222baf0a8c3b10644f2c144587988476]
Flow loop control.T+,Function Creation.T+;4;[Netflix_Hystrix-bce728d396e7d1b292e0116ad6e44a07552afa18, apache_derby-ed824068e216a52cc696569b80126dd2639eedf9, apache_tomcat-094fd3573943eeac3f2db01f89c89312e2ed7f78, netty_netty-7327bb35222baf0a8c3b10644f2c144587988476]
Flow loop control.S-,Function Creation.S-,Function access.S-,Function access.T+;3;[apache_derby-ed824068e216a52cc696569b80126dd2639eedf9, apache_tomcat-094fd3573943eeac3f2db01f89c89312e2ed7f78, netty_netty-7327bb35222baf0a8c3b10644f2c144587988476]
Flow loop control.T+,Function Creation.S-;4;[Netflix_Hystrix-bce728d396e7d1b292e0116ad6e44a07552afa18, apache_derby-ed824068e216a52cc696569b80126dd2639eedf9, apache_tomcat-094fd3573943eeac3f2db01f89c89312e2ed7f78, netty_netty-7327bb35222baf0a8c3b10644f2c144587988476]
Function Creation.S-,Function Creation.T+,Function access.T+,Operator expression.T+;2;[apache_derby-2209325d3240cb74debe06c925e272126f4be29b, apache_tomcat-177543b17c9d7f46afe385a594184e0f5b73a812]
Flow loop control.T+,Function access.S-,Function access.T+;3;[apache_derby-ed824068e216a52cc696569b80126dd2639eedf9, apache_tomcat-094fd3573943eeac3f2db01f89c89312e2ed7f78, netty_netty-7327bb35222baf0a8c3b10644f2c144587988476]
Flow loop control.T+,Function Creation.S-,Function Creation.T+;4;[Netflix_Hystrix-bce728d396e7d1b292e0116ad6e44a07552afa18, apache_derby-ed824068e216a52cc696569b80126dd2639eedf9, apache_tomcat-094fd3573943eeac3f2db01f89c89312e2ed7f78, netty_netty-7327bb35222baf0a8c3b10644f2c144587988476]
Function Creation.S-,Function Creation.T+,Function access.S-,Function access.T+;11;[apache_derby-a0f4b6889ab113bcf342542657c708b5b987ad10, apache_derby-4aef9b04e91d22b153899700a3a295b686039a22, WhisperSystems_Signal-Android-a930ec540412e65a9016563c8e259f73fc55107e, apache_tomcat-68edeb892be110a578f09b689425a54618916667, apache_tomcat-8cb5606b2caa373bb00d690759f562d7e69e81b6, apache_derby-ed824068e216a52cc696569b80126dd2639eedf9, apache_tomcat-094fd3573943eeac3f2db01f89c89312e2ed7f78, netty_netty-17492109850e5cd1ba22cacb3e02fc6f705af073, apache_tomcat-177543b17c9d7f46afe385a594184e0f5b73a812, apache_derby-9d34086a962d7cadca6ba344256f4ac91540c04e, netty_netty-7327bb35222baf0a8c3b10644f2c144587988476]
Flow loop control.T+,Function Creation.S-,Function Creation.T+,Function access.S-,Function access.T+;3;[apache_derby-ed824068e216a52cc696569b80126dd2639eedf9, apache_tomcat-094fd3573943eeac3f2db01f89c89312e2ed7f78, netty_netty-7327bb35222baf0a8c3b10644f2c144587988476]
Flow loop control.S-,Flow loop control.T+,Function Creation.T+,Function access.S-;3;[apache_derby-ed824068e216a52cc696569b80126dd2639eedf9, apache_tomcat-094fd3573943eeac3f2db01f89c89312e2ed7f78, netty_netty-7327bb35222baf0a8c3b10644f2c144587988476]
Operator expression.T+;3;[apache_derby-2209325d3240cb74debe06c925e272126f4be29b, apache_tomcat-afbf343d1946b2385ff0b8a55c72f39ac6fe3cb4, apache_tomcat-177543b17c9d7f46afe385a594184e0f5b73a812]
Conditional.T+,Function access.T+;2;[apache_tomcat-afbf343d1946b2385ff0b8a55c72f39ac6fe3cb4, netty_netty-17492109850e5cd1ba22cacb3e02fc6f705af073]
Flow loop control.S-,Flow loop control.T+,Function Creation.T+,Function access.T+;3;[apache_derby-ed824068e216a52cc696569b80126dd2639eedf9, apache_tomcat-094fd3573943eeac3f2db01f89c89312e2ed7f78, netty_netty-7327bb35222baf0a8c3b10644f2c144587988476]
Exception Handler.S-,Exception Handler.T+,Function Creation.T+,Function access.S-;2;[apache_tomcat-177543b17c9d7f46afe385a594184e0f5b73a812, netty_netty-7327bb35222baf0a8c3b10644f2c144587988476]
Flow loop control.S-,Function access.S-,Function access.T+;3;[apache_derby-ed824068e216a52cc696569b80126dd2639eedf9, apache_tomcat-094fd3573943eeac3f2db01f89c89312e2ed7f78, netty_netty-7327bb35222baf0a8c3b10644f2c144587988476]
Exception Handler.S-,Exception Handler.T+,Function Creation.T+,Function access.T+;2;[apache_tomcat-177543b17c9d7f46afe385a594184e0f5b73a812, netty_netty-7327bb35222baf0a8c3b10644f2c144587988476]
Exception Handler.S-,Exception Handler.T+;3;[apache_derby-5781f54d8f0cf7f4fb049878f4ec849cffffc91b, apache_tomcat-177543b17c9d7f46afe385a594184e0f5b73a812, netty_netty-7327bb35222baf0a8c3b10644f2c144587988476]
Function Creation.S-,Function Creation.T+,Return modifier.T+;2;[WhisperSystems_Signal-Android-473e470883e042d9925abb2ecdd5c7cbcbb67afc, apache_derby-2209325d3240cb74debe06c925e272126f4be29b]
Flow loop control.S-,Flow loop control.T+;3;[apache_derby-ed824068e216a52cc696569b80126dd2639eedf9, apache_tomcat-094fd3573943eeac3f2db01f89c89312e2ed7f78, netty_netty-7327bb35222baf0a8c3b10644f2c144587988476]
Exception Handler.T+,Function Creation.T+,Function access.S-;2;[apache_tomcat-177543b17c9d7f46afe385a594184e0f5b73a812, netty_netty-7327bb35222baf0a8c3b10644f2c144587988476]
Exception Handler.T+,Function Creation.T+,Function access.T+;4;[netty_netty-ebfb2832b232644adc5900135d2ff38252b02b70, apache_tomcat-43f2ef34c651728e074d7e6fdc9178abea3aad45, apache_tomcat-177543b17c9d7f46afe385a594184e0f5b73a812, netty_netty-7327bb35222baf0a8c3b10644f2c144587988476]
Flow loop control.T+,Function Creation.S-,Function Creation.T+,Function access.S-;3;[apache_derby-ed824068e216a52cc696569b80126dd2639eedf9, apache_tomcat-094fd3573943eeac3f2db01f89c89312e2ed7f78, netty_netty-7327bb35222baf0a8c3b10644f2c144587988476]
Function access.T+,Operator expression.T+;3;[apache_derby-2209325d3240cb74debe06c925e272126f4be29b, apache_tomcat-afbf343d1946b2385ff0b8a55c72f39ac6fe3cb4, apache_tomcat-177543b17c9d7f46afe385a594184e0f5b73a812]
Flow loop control.S-,Flow loop control.T+,Function Creation.T+,Function access.S-,Function access.T+;3;[apache_derby-ed824068e216a52cc696569b80126dd2639eedf9, apache_tomcat-094fd3573943eeac3f2db01f89c89312e2ed7f78, netty_netty-7327bb35222baf0a8c3b10644f2c144587988476]
Exception Handler.S-,Function Creation.T+,Function access.T+;2;[apache_tomcat-177543b17c9d7f46afe385a594184e0f5b73a812, netty_netty-7327bb35222baf0a8c3b10644f2c144587988476]
Exception Handler.S-,Function Creation.T+,Function access.S-;4;[apache_tomcat-0699c3648f0d372f057bbe177fe7c440d84be853, apache_tomcat-eab872bc6cfa347cea557c9620000aff7569bf8a, apache_tomcat-177543b17c9d7f46afe385a594184e0f5b73a812, netty_netty-7327bb35222baf0a8c3b10644f2c144587988476]
Flow loop control.T+,Function Creation.S-,Function Creation.T+,Function access.T+;4;[Netflix_Hystrix-bce728d396e7d1b292e0116ad6e44a07552afa18, apache_derby-ed824068e216a52cc696569b80126dd2639eedf9, apache_tomcat-094fd3573943eeac3f2db01f89c89312e2ed7f78, netty_netty-7327bb35222baf0a8c3b10644f2c144587988476]
Conditional.T+,Function Creation.S-;2;[apache_tomcat-afbf343d1946b2385ff0b8a55c72f39ac6fe3cb4, netty_netty-17492109850e5cd1ba22cacb3e02fc6f705af073]
Function Creation.S-,Function access.S-,Function access.T+;11;[apache_derby-a0f4b6889ab113bcf342542657c708b5b987ad10, apache_derby-4aef9b04e91d22b153899700a3a295b686039a22, WhisperSystems_Signal-Android-a930ec540412e65a9016563c8e259f73fc55107e, apache_tomcat-68edeb892be110a578f09b689425a54618916667, apache_tomcat-8cb5606b2caa373bb00d690759f562d7e69e81b6, apache_derby-ed824068e216a52cc696569b80126dd2639eedf9, apache_tomcat-094fd3573943eeac3f2db01f89c89312e2ed7f78, netty_netty-17492109850e5cd1ba22cacb3e02fc6f705af073, apache_tomcat-177543b17c9d7f46afe385a594184e0f5b73a812, apache_derby-9d34086a962d7cadca6ba344256f4ac91540c04e, netty_netty-7327bb35222baf0a8c3b10644f2c144587988476]
Function Creation.T+,Function access.T+,Operator expression.T+;2;[apache_derby-2209325d3240cb74debe06c925e272126f4be29b, apache_tomcat-177543b17c9d7f46afe385a594184e0f5b73a812]
Function access.T+;22;[apache_derby-a0f4b6889ab113bcf342542657c708b5b987ad10, apache_derby-4aef9b04e91d22b153899700a3a295b686039a22, WhisperSystems_Signal-Android-a930ec540412e65a9016563c8e259f73fc55107e, apache_tomcat-68edeb892be110a578f09b689425a54618916667, apache_tomcat-8cb5606b2caa373bb00d690759f562d7e69e81b6, WhisperSystems_Signal-Android-473e470883e042d9925abb2ecdd5c7cbcbb67afc, Netflix_Hystrix-bce728d396e7d1b292e0116ad6e44a07552afa18, netty_netty-ebfb2832b232644adc5900135d2ff38252b02b70, apache_tomcat-43f2ef34c651728e074d7e6fdc9178abea3aad45, apache_derby-ed824068e216a52cc696569b80126dd2639eedf9, apache_tomcat-094fd3573943eeac3f2db01f89c89312e2ed7f78, apache_derby-2209325d3240cb74debe06c925e272126f4be29b, apache_tomcat-afbf343d1946b2385ff0b8a55c72f39ac6fe3cb4, apache_derby-bd5419873c4131c092c59b1c87d252082bea2a24, apache_derby-01c7f8356c2c8dfc2a42a52f65fa2715b59662cb, WhisperSystems_Signal-Android-a370f086c0dcbd93b4c89abc410fb9f4708e2945, netty_netty-f2d1f1e8ad00ad2c6f81b8c63ec1d37a0d9bdbb2, apache_derby-ffe3f662f94754b5116e091d440f24490af49b7e, netty_netty-17492109850e5cd1ba22cacb3e02fc6f705af073, apache_tomcat-177543b17c9d7f46afe385a594184e0f5b73a812, apache_derby-9d34086a962d7cadca6ba344256f4ac91540c04e, netty_netty-7327bb35222baf0a8c3b10644f2c144587988476]
Function access.S-;16;[apache_derby-a0f4b6889ab113bcf342542657c708b5b987ad10, apache_derby-4aef9b04e91d22b153899700a3a295b686039a22, WhisperSystems_Signal-Android-a930ec540412e65a9016563c8e259f73fc55107e, apache_tomcat-68edeb892be110a578f09b689425a54618916667, apache_tomcat-8cb5606b2caa373bb00d690759f562d7e69e81b6, apache_tomcat-0699c3648f0d372f057bbe177fe7c440d84be853, apache_tomcat-eab872bc6cfa347cea557c9620000aff7569bf8a, apache_derby-ed824068e216a52cc696569b80126dd2639eedf9, apache_tomcat-094fd3573943eeac3f2db01f89c89312e2ed7f78, apache_tomcat-925a5eab5d360b6a26cf6f58d0614a20b10cca21, apache_tomcat-9d1f1211ecd24f39e6a1a90adf450c1c974da01a, netty_netty-17492109850e5cd1ba22cacb3e02fc6f705af073, apache_tomcat-177543b17c9d7f46afe385a594184e0f5b73a812, apache_derby-9d34086a962d7cadca6ba344256f4ac91540c04e, netty_netty-7327bb35222baf0a8c3b10644f2c144587988476, apache_tomcat-a3e0f09ab8caf310bb97eff9affe514b88f82946]
Exception Handler.T+,Function access.T+;4;[netty_netty-ebfb2832b232644adc5900135d2ff38252b02b70, apache_tomcat-43f2ef34c651728e074d7e6fdc9178abea3aad45, apache_tomcat-177543b17c9d7f46afe385a594184e0f5b73a812, netty_netty-7327bb35222baf0a8c3b10644f2c144587988476]
Function Creation.T+,Return modifier.T+;2;[WhisperSystems_Signal-Android-473e470883e042d9925abb2ecdd5c7cbcbb67afc, apache_derby-2209325d3240cb74debe06c925e272126f4be29b]
Exception Handler.S-,Function Creation.S-,Function Creation.T+,Function access.S-,Function access.T+;2;[apache_tomcat-177543b17c9d7f46afe385a594184e0f5b73a812, netty_netty-7327bb35222baf0a8c3b10644f2c144587988476]
Function Creation.T+,Function access.T+,Variable declaration.T+;2;[WhisperSystems_Signal-Android-473e470883e042d9925abb2ecdd5c7cbcbb67afc, netty_netty-17492109850e5cd1ba22cacb3e02fc6f705af073]
Exception Handler.T+,Function access.S-;2;[apache_tomcat-177543b17c9d7f46afe385a594184e0f5b73a812, netty_netty-7327bb35222baf0a8c3b10644f2c144587988476]
Flow loop control.T+,Function Creation.S-,Function access.S-;3;[apache_derby-ed824068e216a52cc696569b80126dd2639eedf9, apache_tomcat-094fd3573943eeac3f2db01f89c89312e2ed7f78, netty_netty-7327bb35222baf0a8c3b10644f2c144587988476]
Exception Handler.S-,Exception Handler.T+,Function Creation.S-,Function Creation.T+,Function access.T+;2;[apache_tomcat-177543b17c9d7f46afe385a594184e0f5b73a812, netty_netty-7327bb35222baf0a8c3b10644f2c144587988476]
Exception Handler.S-,Function Creation.S-,Function Creation.T+;5;[apache_derby-5781f54d8f0cf7f4fb049878f4ec849cffffc91b, apache_tomcat-0699c3648f0d372f057bbe177fe7c440d84be853, apache_tomcat-eab872bc6cfa347cea557c9620000aff7569bf8a, apache_tomcat-177543b17c9d7f46afe385a594184e0f5b73a812, netty_netty-7327bb35222baf0a8c3b10644f2c144587988476]
Flow loop control.T+,Function Creation.S-,Function access.T+;4;[Netflix_Hystrix-bce728d396e7d1b292e0116ad6e44a07552afa18, apache_derby-ed824068e216a52cc696569b80126dd2639eedf9, apache_tomcat-094fd3573943eeac3f2db01f89c89312e2ed7f78, netty_netty-7327bb35222baf0a8c3b10644f2c144587988476]
Exception Handler.S-,Exception Handler.T+,Function Creation.S-,Function Creation.T+,Function access.S-;2;[apache_tomcat-177543b17c9d7f46afe385a594184e0f5b73a812, netty_netty-7327bb35222baf0a8c3b10644f2c144587988476]
Exception Handler.T+,Function access.S-,Function access.T+;2;[apache_tomcat-177543b17c9d7f46afe385a594184e0f5b73a812, netty_netty-7327bb35222baf0a8c3b10644f2c144587988476]
Exception Handler.S-,Exception Handler.T+,Function Creation.S-;3;[apache_derby-5781f54d8f0cf7f4fb049878f4ec849cffffc91b, apache_tomcat-177543b17c9d7f46afe385a594184e0f5b73a812, netty_netty-7327bb35222baf0a8c3b10644f2c144587988476]
Function Creation.S-,Function access.T+;22;[apache_derby-a0f4b6889ab113bcf342542657c708b5b987ad10, apache_derby-4aef9b04e91d22b153899700a3a295b686039a22, WhisperSystems_Signal-Android-a930ec540412e65a9016563c8e259f73fc55107e, apache_tomcat-68edeb892be110a578f09b689425a54618916667, apache_tomcat-8cb5606b2caa373bb00d690759f562d7e69e81b6, WhisperSystems_Signal-Android-473e470883e042d9925abb2ecdd5c7cbcbb67afc, Netflix_Hystrix-bce728d396e7d1b292e0116ad6e44a07552afa18, netty_netty-ebfb2832b232644adc5900135d2ff38252b02b70, apache_tomcat-43f2ef34c651728e074d7e6fdc9178abea3aad45, apache_derby-ed824068e216a52cc696569b80126dd2639eedf9, apache_tomcat-094fd3573943eeac3f2db01f89c89312e2ed7f78, apache_derby-2209325d3240cb74debe06c925e272126f4be29b, apache_tomcat-afbf343d1946b2385ff0b8a55c72f39ac6fe3cb4, apache_derby-bd5419873c4131c092c59b1c87d252082bea2a24, apache_derby-01c7f8356c2c8dfc2a42a52f65fa2715b59662cb, WhisperSystems_Signal-Android-a370f086c0dcbd93b4c89abc410fb9f4708e2945, netty_netty-f2d1f1e8ad00ad2c6f81b8c63ec1d37a0d9bdbb2, apache_derby-ffe3f662f94754b5116e091d440f24490af49b7e, netty_netty-17492109850e5cd1ba22cacb3e02fc6f705af073, apache_tomcat-177543b17c9d7f46afe385a594184e0f5b73a812, apache_derby-9d34086a962d7cadca6ba344256f4ac91540c04e, netty_netty-7327bb35222baf0a8c3b10644f2c144587988476]
Flow loop control.S-,Function Creation.S-,Function Creation.T+;3;[apache_derby-ed824068e216a52cc696569b80126dd2639eedf9, apache_tomcat-094fd3573943eeac3f2db01f89c89312e2ed7f78, netty_netty-7327bb35222baf0a8c3b10644f2c144587988476]
Exception Handler.S-,Exception Handler.T+,Function Creation.T+;3;[apache_derby-5781f54d8f0cf7f4fb049878f4ec849cffffc91b, apache_tomcat-177543b17c9d7f46afe385a594184e0f5b73a812, netty_netty-7327bb35222baf0a8c3b10644f2c144587988476]
Function Creation.S-,Function access.S-;16;[apache_derby-a0f4b6889ab113bcf342542657c708b5b987ad10, apache_derby-4aef9b04e91d22b153899700a3a295b686039a22, WhisperSystems_Signal-Android-a930ec540412e65a9016563c8e259f73fc55107e, apache_tomcat-68edeb892be110a578f09b689425a54618916667, apache_tomcat-8cb5606b2caa373bb00d690759f562d7e69e81b6, apache_tomcat-0699c3648f0d372f057bbe177fe7c440d84be853, apache_tomcat-eab872bc6cfa347cea557c9620000aff7569bf8a, apache_derby-ed824068e216a52cc696569b80126dd2639eedf9, apache_tomcat-094fd3573943eeac3f2db01f89c89312e2ed7f78, apache_tomcat-925a5eab5d360b6a26cf6f58d0614a20b10cca21, apache_tomcat-9d1f1211ecd24f39e6a1a90adf450c1c974da01a, netty_netty-17492109850e5cd1ba22cacb3e02fc6f705af073, apache_tomcat-177543b17c9d7f46afe385a594184e0f5b73a812, apache_derby-9d34086a962d7cadca6ba344256f4ac91540c04e, netty_netty-7327bb35222baf0a8c3b10644f2c144587988476, apache_tomcat-a3e0f09ab8caf310bb97eff9affe514b88f82946]
Flow loop control.S-,Function Creation.S-,Function Creation.T+,Function access.S-;3;[apache_derby-ed824068e216a52cc696569b80126dd2639eedf9, apache_tomcat-094fd3573943eeac3f2db01f89c89312e2ed7f78, netty_netty-7327bb35222baf0a8c3b10644f2c144587988476]
Flow loop control.S-,Function Creation.S-,Function Creation.T+,Function access.T+;3;[apache_derby-ed824068e216a52cc696569b80126dd2639eedf9, apache_tomcat-094fd3573943eeac3f2db01f89c89312e2ed7f78, netty_netty-7327bb35222baf0a8c3b10644f2c144587988476]
Flow loop control.S-,Function Creation.S-,Function access.T+;3;[apache_derby-ed824068e216a52cc696569b80126dd2639eedf9, apache_tomcat-094fd3573943eeac3f2db01f89c89312e2ed7f78, netty_netty-7327bb35222baf0a8c3b10644f2c144587988476]
Flow loop control.S-,Function Creation.S-,Function access.S-;3;[apache_derby-ed824068e216a52cc696569b80126dd2639eedf9, apache_tomcat-094fd3573943eeac3f2db01f89c89312e2ed7f78, netty_netty-7327bb35222baf0a8c3b10644f2c144587988476]
Function Creation.S-,Function access.T+,Return modifier.T+;2;[WhisperSystems_Signal-Android-473e470883e042d9925abb2ecdd5c7cbcbb67afc, apache_derby-2209325d3240cb74debe06c925e272126f4be29b]
Function Creation.S-,Function Creation.T+,Variable declaration.T+;2;[WhisperSystems_Signal-Android-473e470883e042d9925abb2ecdd5c7cbcbb67afc, netty_netty-17492109850e5cd1ba22cacb3e02fc6f705af073]
Flow loop control.S-,Function access.T+;3;[apache_derby-ed824068e216a52cc696569b80126dd2639eedf9, apache_tomcat-094fd3573943eeac3f2db01f89c89312e2ed7f78, netty_netty-7327bb35222baf0a8c3b10644f2c144587988476]
Flow loop control.S-,Function access.S-;3;[apache_derby-ed824068e216a52cc696569b80126dd2639eedf9, apache_tomcat-094fd3573943eeac3f2db01f89c89312e2ed7f78, netty_netty-7327bb35222baf0a8c3b10644f2c144587988476]
