WhisperSystems_Signal-Android;1;"[""Pull Up Method""]";a370f086c0dcbd93b4c89abc410fb9f4708e2945;"[""((u""org.thoughtcrime.securesms.notifications.SingleRecipientNotificationBuilder.setTicker(Recipient,CharSequence)"", ""before""), (u""org.thoughtcrime.securesms.notifications.SingleRecipientNotificationBuilder"", ""both""), (u""org.thoughtcrime.securesms.notifications.AbstractNotificationBuilder.setTicker(Recipient,CharSequence)"", ""after""), (u""org.thoughtcrime.securesms.notifications.AbstractNotificationBuilder"", ""both""))""]";;[src/org/thoughtcrime/securesms/notifications/AbstractNotificationBuilder.java, src/org/thoughtcrime/securesms/notifications/SingleRecipientNotificationBuilder.java];org.thoughtcrime.securesms.notifications.SingleRecipientNotificationBuilder.setTicker(Recipient,CharSequence);org.thoughtcrime.securesms.notifications.AbstractNotificationBuilder.setTicker(Recipient,CharSequence)
WhisperSystems_Signal-Android;1;"[""Pull Up Method""]";473e470883e042d9925abb2ecdd5c7cbcbb67afc;"[""((u""org.thoughtcrime.securesms.contacts.ContactSelectionListAdapter.getCursorAtPositionOrThrow(int)"", ""before""), (u""org.thoughtcrime.securesms.contacts.ContactSelectionListAdapter"", ""both""), (u""org.thoughtcrime.securesms.database.CursorRecyclerViewAdapter.getCursorAtPositionOrThrow(int)"", ""after""), (u""org.thoughtcrime.securesms.database.CursorRecyclerViewAdapter"", ""both""))""]";;[src/org/thoughtcrime/securesms/contacts/ContactSelectionListAdapter.java, src/org/thoughtcrime/securesms/database/CursorRecyclerViewAdapter.java];org.thoughtcrime.securesms.contacts.ContactSelectionListAdapter.getCursorAtPositionOrThrow(int);org.thoughtcrime.securesms.database.CursorRecyclerViewAdapter.getCursorAtPositionOrThrow(int)
WhisperSystems_Signal-Android;1;"[""Pull Up Method""]";a930ec540412e65a9016563c8e259f73fc55107e;"[""((u""org.thoughtcrime.securesms.PassphraseRequiredActionBarActivity.initializeScreenshotSecurity()"", ""before""), (u""org.thoughtcrime.securesms.PassphraseRequiredActionBarActivity"", ""both""), (u""org.thoughtcrime.securesms.BaseActionBarActivity.initializeScreenshotSecurity()"", ""after""), (u""org.thoughtcrime.securesms.BaseActionBarActivity"", ""both""))""]";;[src/org/thoughtcrime/securesms/BaseActionBarActivity.java, src/org/thoughtcrime/securesms/PassphraseRequiredActionBarActivity.java];org.thoughtcrime.securesms.PassphraseRequiredActionBarActivity.initializeScreenshotSecurity();org.thoughtcrime.securesms.BaseActionBarActivity.initializeScreenshotSecurity()
netty_netty;1;"[""Pull Up Method""]";17492109850e5cd1ba22cacb3e02fc6f705af073;"[""((u""io.netty.util.concurrent.SingleThreadEventExecutor.inEventLoop()"", ""before""), (u""io.netty.util.concurrent.SingleThreadEventExecutor"", ""both""), (u""io.netty.util.concurrent.AbstractEventExecutor.inEventLoop()"", ""after""), (u""io.netty.util.concurrent.AbstractEventExecutor"", ""both""))""]";;[common/src/main/java/io/netty/util/concurrent/AbstractEventExecutor.java, common/src/main/java/io/netty/util/concurrent/SingleThreadEventExecutor.java];io.netty.util.concurrent.SingleThreadEventExecutor.inEventLoop();io.netty.util.concurrent.AbstractEventExecutor.inEventLoop()
netty_netty;1;"[""Pull Up Method""]";8d88acb4a79830cb659a560e317be3ccfd94796e;"[""((u""io.netty.buffer.UnpooledByteBufAllocator.ioBuffer()"", ""before""), (u""io.netty.buffer.UnpooledByteBufAllocator"", ""both""), (u""io.netty.buffer.AbstractByteBufAllocator.ioBuffer()"", ""after""), (u""io.netty.buffer.AbstractByteBufAllocator"", ""both""))""]";;[buffer/src/main/java/io/netty/buffer/AbstractByteBufAllocator.java, buffer/src/main/java/io/netty/buffer/UnpooledByteBufAllocator.java];io.netty.buffer.UnpooledByteBufAllocator.ioBuffer();io.netty.buffer.AbstractByteBufAllocator.ioBuffer()
netty_netty;1;"[""Pull Up Method""]";d51ccd221119bb81e40c83ea403cc5129465e6c5;"[""((u""org.jboss.netty.handler.codec.rtsp.RtspResponseDecoder.isContentAlwaysEmpty(HttpMessage)"", ""before""), (u""org.jboss.netty.handler.codec.rtsp.RtspResponseDecoder"", ""both""), (u""org.jboss.netty.handler.codec.rtsp.RtspMessageDecoder.isContentAlwaysEmpty(HttpMessage)"", ""after""), (u""org.jboss.netty.handler.codec.rtsp.RtspMessageDecoder"", ""both""))""]";;[src/main/java/org/jboss/netty/handler/codec/rtsp/RtspMessageDecoder.java, src/main/java/org/jboss/netty/handler/codec/rtsp/RtspResponseDecoder.java];org.jboss.netty.handler.codec.rtsp.RtspResponseDecoder.isContentAlwaysEmpty(HttpMessage);org.jboss.netty.handler.codec.rtsp.RtspMessageDecoder.isContentAlwaysEmpty(HttpMessage)
netty_netty;1;"[""Pull Up Method""]";ebfb2832b232644adc5900135d2ff38252b02b70;"[""((u""io.netty.handler.ssl.OpenSslServerContext.checkKeyManagerFactory(KeyManagerFactory)"", ""before""), (u""io.netty.handler.ssl.OpenSslServerContext"", ""both""), (u""io.netty.handler.ssl.OpenSslContext.checkKeyManagerFactory(KeyManagerFactory)"", ""after""), (u""io.netty.handler.ssl.OpenSslContext"", ""both""))""]";;[handler/src/main/java/io/netty/handler/ssl/OpenSslContext.java, handler/src/main/java/io/netty/handler/ssl/OpenSslServerContext.java];io.netty.handler.ssl.OpenSslServerContext.checkKeyManagerFactory(KeyManagerFactory);io.netty.handler.ssl.OpenSslContext.checkKeyManagerFactory(KeyManagerFactory)
netty_netty;1;"[""Pull Up Method""]";23d017849429c18e1890b0a5799e5262df4f269f;"[""((u""io.netty.util.concurrent.SingleThreadEventExecutor.shutdownNow()"", ""before""), (u""io.netty.util.concurrent.SingleThreadEventExecutor"", ""both""), (u""io.netty.util.concurrent.AbstractEventExecutor.shutdownNow()"", ""after""), (u""io.netty.util.concurrent.AbstractEventExecutor"", ""both""))""]";;[common/src/main/java/io/netty/util/concurrent/AbstractEventExecutor.java, common/src/main/java/io/netty/util/concurrent/SingleThreadEventExecutor.java];io.netty.util.concurrent.SingleThreadEventExecutor.shutdownNow();io.netty.util.concurrent.AbstractEventExecutor.shutdownNow()
netty_netty;1;"[""Pull Up Method""]";7327bb35222baf0a8c3b10644f2c144587988476;"[""((u""io.netty.channel.socket.oio.OioChildEventLoop.processTaskQueue()"", ""before""), (u""io.netty.channel.socket.oio.OioChildEventLoop"", ""both""), (u""io.netty.channel.SingleThreadEventLoop.runAllTasks()"", ""after""), (u""io.netty.channel.SingleThreadEventLoop"", ""both""))""]";;[transport/src/main/java/io/netty/channel/SingleThreadEventLoop.java, transport/src/main/java/io/netty/channel/socket/oio/OioChildEventLoop.java];io.netty.channel.socket.oio.OioChildEventLoop.processTaskQueue();io.netty.channel.SingleThreadEventLoop.runAllTasks()
netty_netty;1;"[""Pull Up Method""]";8fb80e91796e8567aca5e2b8244f853f8631217b;"[""((u""io.netty.bootstrap.Bootstrap.doBind(SocketAddress)"", ""before""), (u""io.netty.bootstrap.Bootstrap"", ""both""), (u""io.netty.bootstrap.AbstractBootstrap.doBind(SocketAddress)"", ""after""), (u""io.netty.bootstrap.AbstractBootstrap"", ""both""))""]";;[transport/src/main/java/io/netty/bootstrap/AbstractBootstrap.java, transport/src/main/java/io/netty/bootstrap/Bootstrap.java];io.netty.bootstrap.Bootstrap.doBind(SocketAddress);io.netty.bootstrap.AbstractBootstrap.doBind(SocketAddress)
netty_netty;1;"[""Pull Up Method""]";f2d1f1e8ad00ad2c6f81b8c63ec1d37a0d9bdbb2;"[""((u""io.netty.channel.iostream.IoStreamChannelSink.fireUpstreamEventLater(ChannelPipeline,ChannelEvent)"", ""before""), (u""io.netty.channel.iostream.IoStreamChannelSink"", ""both""), (u""io.netty.channel.AbstractChannelSink.fireUpstreamEventLater(ChannelPipeline,ChannelEvent)"", ""after""), (u""io.netty.channel.AbstractChannelSink"", ""both""))""]";;[transport/src/main/java/io/netty/channel/AbstractChannelSink.java, transport/src/main/java/io/netty/channel/iostream/IoStreamChannelSink.java];io.netty.channel.iostream.IoStreamChannelSink.fireUpstreamEventLater(ChannelPipeline,ChannelEvent);io.netty.channel.AbstractChannelSink.fireUpstreamEventLater(ChannelPipeline,ChannelEvent)
netty_netty;1;"[""Pull Up Method""]";33a810a513dc5d69ec171adb1c84378524e066e3;"[""((u""io.netty.example.spdy.server.SpdyOrHttpHandler.getProtocol(SSLEngine)"", ""before""), (u""io.netty.example.spdy.server.SpdyOrHttpHandler"", ""both""), (u""io.netty.handler.codec.spdy.SpdyOrHttpChooser.getProtocol(SSLEngine)"", ""after""), (u""io.netty.handler.codec.spdy.SpdyOrHttpChooser"", ""both""))""]";;[codec-http/src/main/java/io/netty/handler/codec/spdy/SpdyOrHttpChooser.java, example/src/main/java/io/netty/example/spdy/server/SpdyOrHttpHandler.java];io.netty.example.spdy.server.SpdyOrHttpHandler.getProtocol(SSLEngine);io.netty.handler.codec.spdy.SpdyOrHttpChooser.getProtocol(SSLEngine)
Netflix_Hystrix;1;"[""Pull Up Method""]";bce728d396e7d1b292e0116ad6e44a07552afa18;"[""((u""com.netflix.hystrix.contrib.javanica.command.GenericCommand.process(CommandAction)"", ""before""), (u""com.netflix.hystrix.contrib.javanica.command.GenericCommand"", ""both""), (u""com.netflix.hystrix.contrib.javanica.command.AbstractHystrixCommand.process(CommandAction)"", ""after""), (u""com.netflix.hystrix.contrib.javanica.command.AbstractHystrixCommand"", ""both""))""]";;[hystrix-contrib/hystrix-javanica/src/main/java/com/netflix/hystrix/contrib/javanica/command/AbstractHystrixCommand.java, hystrix-contrib/hystrix-javanica/src/main/java/com/netflix/hystrix/contrib/javanica/command/GenericCommand.java];com.netflix.hystrix.contrib.javanica.command.GenericCommand.process(CommandAction);com.netflix.hystrix.contrib.javanica.command.AbstractHystrixCommand.process(CommandAction)
apache_tomcat;1;"[""Pull Up Method""]";90709c7830f674ab947415849a2e9ca2b1396c7d;"[""((u""org.apache.coyote.ajp.AjpProcessor.receive()"", ""before""), (u""org.apache.coyote.ajp.AjpProcessor"", ""both""), (u""org.apache.coyote.ajp.AbstractAjpProcessor.receive()"", ""after""), (u""org.apache.coyote.ajp.AbstractAjpProcessor"", ""both""))""]";true;[java/org/apache/coyote/ajp/AbstractAjpProcessor.java, java/org/apache/coyote/ajp/AjpProcessor.java];org.apache.coyote.ajp.AjpProcessor.receive();org.apache.coyote.ajp.AbstractAjpProcessor.receive()
apache_tomcat;1;"[""Pull Up Method""]";177543b17c9d7f46afe385a594184e0f5b73a812;"[""((u""org.apache.tomcat.util.net.jsse.JSSEUtil.getStore(String,String,String,String)"", ""before""), (u""org.apache.tomcat.util.net.jsse.JSSEUtil"", ""both""), (u""org.apache.tomcat.util.net.SSLUtilBase.getStore(String,String,String,String)"", ""after""), (u""org.apache.tomcat.util.net.SSLUtilBase"", ""both""))""]";true;[java/org/apache/tomcat/util/net/SSLUtilBase.java, java/org/apache/tomcat/util/net/jsse/JSSEUtil.java];org.apache.tomcat.util.net.jsse.JSSEUtil.getStore(String,String,String,String);org.apache.tomcat.util.net.SSLUtilBase.getStore(String,String,String,String)
apache_tomcat;1;"[""Pull Up Method""]";68edeb892be110a578f09b689425a54618916667;"[""((u""org.apache.coyote.http11.Http11NioProcessor.registerForWrite()"", ""before""), (u""org.apache.coyote.http11.Http11NioProcessor"", ""both""), (u""org.apache.coyote.http11.AbstractHttp11Processor.registerForWrite()"", ""after""), (u""org.apache.coyote.http11.AbstractHttp11Processor"", ""both""))""]";true;[java/org/apache/coyote/http11/AbstractHttp11Processor.java, java/org/apache/coyote/http11/Http11NioProcessor.java];org.apache.coyote.http11.Http11NioProcessor.registerForWrite();org.apache.coyote.http11.AbstractHttp11Processor.registerForWrite()
apache_tomcat;1;"[""Pull Up Method""]";794d2fecd50fecdcf9cb9be357b04626d3238034;"[""((u""org.apache.coyote.http11.Http11AprProtocol.setSSLCertificateKeyFile(String)"", ""before""), (u""org.apache.coyote.http11.Http11AprProtocol"", ""both""), (u""org.apache.coyote.http11.AbstractHttp11Protocol.setCertificateKeyFile(String)"", ""after""), (u""org.apache.coyote.http11.AbstractHttp11Protocol"", ""both""))""]";true;[java/org/apache/coyote/http11/AbstractHttp11Protocol.java, java/org/apache/coyote/http11/Http11AprProtocol.java];org.apache.coyote.http11.Http11AprProtocol.setSSLCertificateKeyFile(String);org.apache.coyote.http11.AbstractHttp11Protocol.setCertificateKeyFile(String)
apache_tomcat;1;"[""Pull Up Method""]";8cb5606b2caa373bb00d690759f562d7e69e81b6;"[""((u""org.apache.coyote.http11.Http11AprProtocol.getTimeout()"", ""before""), (u""org.apache.coyote.http11.Http11AprProtocol"", ""both""), (u""org.apache.coyote.http11.AbstractHttp11Protocol.getConnectionUploadTimeout()"", ""after""), (u""org.apache.coyote.http11.AbstractHttp11Protocol"", ""both""))""]";true;[java/org/apache/coyote/http11/AbstractHttp11Protocol.java, java/org/apache/coyote/http11/Http11AprProtocol.java];org.apache.coyote.http11.Http11AprProtocol.getTimeout();org.apache.coyote.http11.AbstractHttp11Protocol.getConnectionUploadTimeout()
apache_tomcat;1;"[""Pull Up Method""]";c8e1569ea59ed17b8b2ea3a4c704e4dd2dadff2f;"[""((u""org.apache.coyote.http11.Http11NioProcessor.initializeFilters()"", ""before""), (u""org.apache.coyote.http11.Http11NioProcessor"", ""both""), (u""org.apache.coyote.http11.AbstractHttp11Processor.initializeFilters()"", ""after""), (u""org.apache.coyote.http11.AbstractHttp11Processor"", ""both""))""]";true;[java/org/apache/coyote/http11/AbstractHttp11Processor.java, java/org/apache/coyote/http11/Http11NioProcessor.java];org.apache.coyote.http11.Http11NioProcessor.initializeFilters();org.apache.coyote.http11.AbstractHttp11Processor.initializeFilters()
apache_tomcat;1;"[""Pull Up Method""]";0699c3648f0d372f057bbe177fe7c440d84be853;"[""((u""org.apache.coyote.http11.Http11NioProcessor.addFilter(String)"", ""before""), (u""org.apache.coyote.http11.Http11NioProcessor"", ""both""), (u""org.apache.coyote.http11.AbstractHttp11Processor.addFilter(String)"", ""after""), (u""org.apache.coyote.http11.AbstractHttp11Processor"", ""both""))""]";true;[java/org/apache/coyote/http11/AbstractHttp11Processor.java, java/org/apache/coyote/http11/Http11NioProcessor.java];org.apache.coyote.http11.Http11NioProcessor.addFilter(String);org.apache.coyote.http11.AbstractHttp11Processor.addFilter(String)
apache_tomcat;1;"[""Pull Up Method""]";9d1f1211ecd24f39e6a1a90adf450c1c974da01a;"[""((u""org.apache.coyote.http11.AbstractHttp11Protocol.destroy()"", ""before""), (u""org.apache.coyote.http11.AbstractHttp11Protocol"", ""both""), (u""org.apache.coyote.AbstractProtocolHandler.destroy()"", ""after""), (u""org.apache.coyote.AbstractProtocolHandler"", ""both""))""]";true;[java/org/apache/coyote/AbstractProtocolHandler.java, java/org/apache/coyote/http11/AbstractHttp11Protocol.java];org.apache.coyote.http11.AbstractHttp11Protocol.destroy();org.apache.coyote.AbstractProtocolHandler.destroy()
apache_tomcat;1;"[""Pull Up Method""]";925a5eab5d360b6a26cf6f58d0614a20b10cca21;"[""((u""org.apache.catalina.core.StandardWrapper.toString()"", ""before""), (u""org.apache.catalina.core.StandardWrapper"", ""both""), (u""org.apache.catalina.core.ContainerBase.toString()"", ""after""), (u""org.apache.catalina.core.ContainerBase"", ""both""))""]";true;[java/org/apache/catalina/core/ContainerBase.java, java/org/apache/catalina/core/StandardWrapper.java];org.apache.catalina.core.StandardWrapper.toString();org.apache.catalina.core.ContainerBase.toString()
apache_tomcat;1;"[""Pull Up Method""]";24e312e13d6e8ad5eba96101d89202a6c0f808d9;"[""((u""org.apache.coyote.ajp.AjpNioProcessor.flush(boolean)"", ""before""), (u""org.apache.coyote.ajp.AjpNioProcessor"", ""both""), (u""org.apache.coyote.ajp.AbstractAjpProcessor.flush(boolean)"", ""after""), (u""org.apache.coyote.ajp.AbstractAjpProcessor"", ""both""))""]";true;[java/org/apache/coyote/ajp/AbstractAjpProcessor.java, java/org/apache/coyote/ajp/AjpNioProcessor.java];org.apache.coyote.ajp.AjpNioProcessor.flush(boolean);org.apache.coyote.ajp.AbstractAjpProcessor.flush(boolean)
apache_tomcat;1;"[""Pull Up Method""]";a9ca29e07967d017f1ea253adaef876d13084c44;"[""((u""org.apache.coyote.http2.StreamProcessor.dispatch(SocketStatus)"", ""before""), (u""org.apache.coyote.http2.StreamProcessor"", ""both""), (u""org.apache.coyote.AbstractProcessor.dispatch(SocketStatus)"", ""after""), (u""org.apache.coyote.AbstractProcessor"", ""both""))""]";true;[java/org/apache/coyote/AbstractProcessor.java, java/org/apache/coyote/http2/StreamProcessor.java];org.apache.coyote.http2.StreamProcessor.dispatch(SocketStatus);org.apache.coyote.AbstractProcessor.dispatch(SocketStatus)
apache_tomcat;1;"[""Pull Up Method""]";b497aa9d0a73f39d01d47b3caa1151009e9250f5;"[""((u""org.apache.coyote.http11.upgrade.UpgradeProcessorExternal.isUpgrade()"", ""before""), (u""org.apache.coyote.http11.upgrade.UpgradeProcessorExternal"", ""both""), (u""org.apache.coyote.http11.upgrade.UpgradeProcessorBase.isUpgrade()"", ""after""), (u""org.apache.coyote.http11.upgrade.UpgradeProcessorBase"", ""both""))""]";;[java/org/apache/coyote/http11/upgrade/UpgradeProcessorBase.java, java/org/apache/coyote/http11/upgrade/UpgradeProcessorExternal.java];org.apache.coyote.http11.upgrade.UpgradeProcessorExternal.isUpgrade();org.apache.coyote.http11.upgrade.UpgradeProcessorBase.isUpgrade()
apache_tomcat;1;"[""Pull Up Method""]";afbf343d1946b2385ff0b8a55c72f39ac6fe3cb4;"[""((u""org.apache.tomcat.util.net.AprEndpoint.getUseSendfile()"", ""before""), (u""org.apache.tomcat.util.net.AprEndpoint"", ""both""), (u""org.apache.tomcat.util.net.AbstractEndpoint.getUseSendfile()"", ""after""), (u""org.apache.tomcat.util.net.AbstractEndpoint"", ""both""))""]";;[java/org/apache/tomcat/util/net/AbstractEndpoint.java, java/org/apache/tomcat/util/net/AprEndpoint.java];org.apache.tomcat.util.net.AprEndpoint.getUseSendfile();org.apache.tomcat.util.net.AbstractEndpoint.getUseSendfile()
apache_tomcat;1;"[""Pull Up Method""]";bead07d06ec462e3e09396e7a60c3d1b1bbdc3bb;"[""((u""org.apache.coyote.http2.StreamProcessor.isUpgrade()"", ""before""), (u""org.apache.coyote.http2.StreamProcessor"", ""both""), (u""org.apache.coyote.AbstractProcessor.isUpgrade()"", ""after""), (u""org.apache.coyote.AbstractProcessor"", ""both""))""]";;[java/org/apache/coyote/AbstractProcessor.java, java/org/apache/coyote/http2/StreamProcessor.java];org.apache.coyote.http2.StreamProcessor.isUpgrade();org.apache.coyote.AbstractProcessor.isUpgrade()
apache_tomcat;1;"[""Pull Up Method""]";1edfc986ba6be3a7d0bf81f86a7b3dd9a83a5e05;"[""((u""org.apache.coyote.http11.Http11Processor.parseHost(MessageBytes)"", ""before""), (u""org.apache.coyote.http11.Http11Processor"", ""both""), (u""org.apache.coyote.http11.AbstractHttp11Processor.parseHost(MessageBytes)"", ""after""), (u""org.apache.coyote.http11.AbstractHttp11Processor"", ""both""))""]";;[java/org/apache/coyote/http11/AbstractHttp11Processor.java, java/org/apache/coyote/http11/Http11Processor.java];org.apache.coyote.http11.Http11Processor.parseHost(MessageBytes);org.apache.coyote.http11.AbstractHttp11Processor.parseHost(MessageBytes)
apache_tomcat;1;"[""Pull Up Method""]";5c87032d3578b7546a3ce0c2826e1f2a82383c8a;"[""((u""org.apache.coyote.ajp.AjpNioProcessor.refillReadBuffer()"", ""before""), (u""org.apache.coyote.ajp.AjpNioProcessor"", ""both""), (u""org.apache.coyote.ajp.AbstractAjpProcessor.refillReadBuffer()"", ""after""), (u""org.apache.coyote.ajp.AbstractAjpProcessor"", ""both""))""]";;[java/org/apache/coyote/ajp/AbstractAjpProcessor.java, java/org/apache/coyote/ajp/AjpNioProcessor.java];org.apache.coyote.ajp.AjpNioProcessor.refillReadBuffer();org.apache.coyote.ajp.AbstractAjpProcessor.refillReadBuffer()
apache_tomcat;1;"[""Pull Up Method""]";96b4fb72edf7b6cb36aa537ef9522846ef14dd1e;"[""((u""org.apache.coyote.ajp.AjpNio2Processor.output(byte,int,int,boolean)"", ""before""), (u""org.apache.coyote.ajp.AjpNio2Processor"", ""both""), (u""org.apache.coyote.ajp.AbstractAjpProcessor.output(byte,int,int,boolean)"", ""after""), (u""org.apache.coyote.ajp.AbstractAjpProcessor"", ""both""))""]";;[java/org/apache/coyote/ajp/AbstractAjpProcessor.java, java/org/apache/coyote/ajp/AjpNio2Processor.java];org.apache.coyote.ajp.AjpNio2Processor.output(byte,int,int,boolean);org.apache.coyote.ajp.AbstractAjpProcessor.output(byte,int,int,boolean)
apache_tomcat;1;"[""Pull Up Method""]";a3e0f09ab8caf310bb97eff9affe514b88f82946;"[""((u""org.apache.naming.resources.FileDirContext.list(String)"", ""before""), (u""org.apache.naming.resources.FileDirContext"", ""both""), (u""org.apache.naming.resources.BaseDirContext.list(String)"", ""after""), (u""org.apache.naming.resources.BaseDirContext"", ""both""))""]";;[java/org/apache/naming/resources/BaseDirContext.java, java/org/apache/naming/resources/FileDirContext.java];org.apache.naming.resources.FileDirContext.list(String);org.apache.naming.resources.BaseDirContext.list(String)
apache_tomcat;1;"[""Pull Up Method""]";36cf18b54e708d275c2060938a05b1a29475bbea;"[""((u""org.apache.coyote.http11.Http11Nio2Processor.handleIncompleteRequestLineRead()"", ""before""), (u""org.apache.coyote.http11.Http11Nio2Processor"", ""both""), (u""org.apache.coyote.http11.AbstractHttp11Processor.handleIncompleteRequestLineRead()"", ""after""), (u""org.apache.coyote.http11.AbstractHttp11Processor"", ""both""))""]";;[java/org/apache/coyote/http11/AbstractHttp11Processor.java, java/org/apache/coyote/http11/Http11Nio2Processor.java];org.apache.coyote.http11.Http11Nio2Processor.handleIncompleteRequestLineRead();org.apache.coyote.http11.AbstractHttp11Processor.handleIncompleteRequestLineRead()
apache_tomcat;1;"[""Pull Up Method""]";434ab42dfee8fcc4093ba47a47da619f150bf5f3;"[""((u""org.apache.catalina.session.PersistentManagerBase.propertyChange(PropertyChangeEvent)"", ""before""), (u""org.apache.catalina.session.PersistentManagerBase"", ""both""), (u""org.apache.catalina.session.ManagerBase.propertyChange(PropertyChangeEvent)"", ""after""), (u""org.apache.catalina.session.ManagerBase"", ""both""))""]";;[java/org/apache/catalina/session/ManagerBase.java, java/org/apache/catalina/session/PersistentManagerBase.java];org.apache.catalina.session.PersistentManagerBase.propertyChange(PropertyChangeEvent);org.apache.catalina.session.ManagerBase.propertyChange(PropertyChangeEvent)
apache_tomcat;1;"[""Pull Up Method""]";7d0a42e9d29654d31a70db4e1f4f42ffa807ad59;"[""((u""org.apache.coyote.http11.Http11AprProtocol.setNpnHandler(String)"", ""before""), (u""org.apache.coyote.http11.Http11AprProtocol"", ""both""), (u""org.apache.coyote.http11.AbstractHttp11Protocol.setNpnHandler(String)"", ""after""), (u""org.apache.coyote.http11.AbstractHttp11Protocol"", ""both""))""]";;[java/org/apache/coyote/http11/AbstractHttp11Protocol.java, java/org/apache/coyote/http11/Http11AprProtocol.java];org.apache.coyote.http11.Http11AprProtocol.setNpnHandler(String);org.apache.coyote.http11.AbstractHttp11Protocol.setNpnHandler(String)
apache_tomcat;1;"[""Pull Up Method""]";094fd3573943eeac3f2db01f89c89312e2ed7f78;"[""((u""org.apache.coyote.ajp.AjpProcessor.recycle()"", ""before""), (u""org.apache.coyote.ajp.AjpProcessor"", ""both""), (u""org.apache.coyote.ajp.AbstractAjpProcessor.recycle()"", ""after""), (u""org.apache.coyote.ajp.AbstractAjpProcessor"", ""both""))""]";;[java/org/apache/coyote/ajp/AbstractAjpProcessor.java, java/org/apache/coyote/ajp/AjpProcessor.java];org.apache.coyote.ajp.AjpProcessor.recycle();org.apache.coyote.ajp.AbstractAjpProcessor.recycle()
apache_tomcat;1;"[""Pull Up Method""]";818484179d80771d74040bca379d9f82c32a5bf1;"[""((u""org.apache.coyote.http11.Http11NioProcessor.prepareRequest()"", ""before""), (u""org.apache.coyote.http11.Http11NioProcessor"", ""both""), (u""org.apache.coyote.http11.AbstractHttp11Processor.prepareRequest()"", ""after""), (u""org.apache.coyote.http11.AbstractHttp11Processor"", ""both""))""]";;[java/org/apache/coyote/http11/AbstractHttp11Processor.java, java/org/apache/coyote/http11/Http11NioProcessor.java];org.apache.coyote.http11.Http11NioProcessor.prepareRequest();org.apache.coyote.http11.AbstractHttp11Processor.prepareRequest()
apache_tomcat;1;"[""Pull Up Method""]";53617a20116d4ad8800108f6d421ec92d6674d35;"[""((u""org.apache.coyote.http11.InternalNioOutputBuffer.isBlocking()"", ""before""), (u""org.apache.coyote.http11.InternalNioOutputBuffer"", ""both""), (u""org.apache.coyote.http11.AbstractOutputBuffer.isBlocking()"", ""after""), (u""org.apache.coyote.http11.AbstractOutputBuffer"", ""both""))""]";;[java/org/apache/coyote/http11/AbstractOutputBuffer.java, java/org/apache/coyote/http11/InternalNioOutputBuffer.java];org.apache.coyote.http11.InternalNioOutputBuffer.isBlocking();org.apache.coyote.http11.AbstractOutputBuffer.isBlocking()
apache_tomcat;1;"[""Pull Up Method""]";eab872bc6cfa347cea557c9620000aff7569bf8a;"[""((u""org.apache.coyote.ajp.AbstractAjpProtocol.resume()"", ""before""), (u""org.apache.coyote.ajp.AbstractAjpProtocol"", ""both""), (u""org.apache.coyote.AbstractProtocolHandler.resume()"", ""after""), (u""org.apache.coyote.AbstractProtocolHandler"", ""both""))""]";;[java/org/apache/coyote/AbstractProtocolHandler.java, java/org/apache/coyote/ajp/AbstractAjpProtocol.java];org.apache.coyote.ajp.AbstractAjpProtocol.resume();org.apache.coyote.AbstractProtocolHandler.resume()
apache_tomcat;1;"[""Pull Up Method""]";43f2ef34c651728e074d7e6fdc9178abea3aad45;"[""((u""org.apache.catalina.authenticator.jaspic.provider.modules.FormAuthModule.handlePrincipalCallbacks(Subject,Principal)"", ""before""), (u""org.apache.catalina.authenticator.jaspic.provider.modules.FormAuthModule"", ""both""), (u""org.apache.catalina.authenticator.jaspic.provider.modules.TomcatAuthModule.handlePrincipalCallbacks(Subject,Principal)"", ""after""), (u""org.apache.catalina.authenticator.jaspic.provider.modules.TomcatAuthModule"", ""both""))""]";;[java/org/apache/catalina/authenticator/jaspic/provider/modules/FormAuthModule.java, java/org/apache/catalina/authenticator/jaspic/provider/modules/TomcatAuthModule.java];org.apache.catalina.authenticator.jaspic.provider.modules.FormAuthModule.handlePrincipalCallbacks(Subject,Principal);org.apache.catalina.authenticator.jaspic.provider.modules.TomcatAuthModule.handlePrincipalCallbacks(Subject,Principal)
apache_tomcat;1;"[""Pull Up Method""]";c5daa0decb168a35aca55cb162b883608648e4ec;"[""((u""org.apache.coyote.ajp.AjpAprProcessor.readMessage(AjpMessage,boolean)"", ""before""), (u""org.apache.coyote.ajp.AjpAprProcessor"", ""both""), (u""org.apache.coyote.ajp.AbstractAjpProcessor.readMessage(AjpMessage,boolean)"", ""after""), (u""org.apache.coyote.ajp.AbstractAjpProcessor"", ""both""))""]";;[java/org/apache/coyote/ajp/AbstractAjpProcessor.java, java/org/apache/coyote/ajp/AjpAprProcessor.java];org.apache.coyote.ajp.AjpAprProcessor.readMessage(AjpMessage,boolean);org.apache.coyote.ajp.AbstractAjpProcessor.readMessage(AjpMessage,boolean)
apache_derby;1;"[""Pull Up Method""]";a0f4b6889ab113bcf342542657c708b5b987ad10;"[""((u""org.apache.derbyTesting.junit.BaseJDBCTestCase.assertDirectoryDeleted(File)"", ""before""), (u""org.apache.derbyTesting.junit.BaseJDBCTestCase"", ""both""), (u""org.apache.derbyTesting.junit.BaseTestCase.assertDirectoryDeleted(File)"", ""after""), (u""org.apache.derbyTesting.junit.BaseTestCase"", ""both""))""]";true;[java/testing/org/apache/derbyTesting/junit/BaseJDBCTestCase.java, java/testing/org/apache/derbyTesting/junit/BaseTestCase.java];org.apache.derbyTesting.junit.BaseJDBCTestCase.assertDirectoryDeleted(File);org.apache.derbyTesting.junit.BaseTestCase.assertDirectoryDeleted(File)
apache_derby;1;"[""Pull Up Method""]";9d34086a962d7cadca6ba344256f4ac91540c04e;"[""((u""org.apache.derby.iapi.types.SQLDecimal.setValue(short)"", ""before""), (u""org.apache.derby.iapi.types.SQLDecimal"", ""both""), (u""org.apache.derby.iapi.types.NumberDataType.setValue(short)"", ""after""), (u""org.apache.derby.iapi.types.NumberDataType"", ""both""))""]";true;[java/engine/org/apache/derby/iapi/types/NumberDataType.java, java/engine/org/apache/derby/iapi/types/SQLDecimal.java];org.apache.derby.iapi.types.SQLDecimal.setValue(short);org.apache.derby.iapi.types.NumberDataType.setValue(short)
apache_derby;1;"[""Pull Up Method""]";070d37e30600755f16216090af3cc2a8987d2972;"[""((u""org.apache.derbyTesting.functionTests.tests.lang.GeneratedColumnsHelper.executeQuery(Statement,String)"", ""before""), (u""org.apache.derbyTesting.functionTests.tests.lang.GeneratedColumnsHelper"", ""both""), (u""org.apache.derbyTesting.junit.BaseJDBCTestCase.executeQuery(Statement,String)"", ""after""), (u""org.apache.derbyTesting.junit.BaseJDBCTestCase"", ""both""))""]";true;[java/testing/org/apache/derbyTesting/functionTests/tests/lang/GeneratedColumnsHelper.java, java/testing/org/apache/derbyTesting/junit/BaseJDBCTestCase.java];org.apache.derbyTesting.functionTests.tests.lang.GeneratedColumnsHelper.executeQuery(Statement,String);org.apache.derbyTesting.junit.BaseJDBCTestCase.executeQuery(Statement,String)
apache_derby;1;"[""Pull Up Method""]";9a0cdf1f8cd16526b16733b28ea0b8a498ba530c;"[""((u""org.apache.derby.jdbc.ClientDriver40.getParentLogger()"", ""before""), (u""org.apache.derby.jdbc.ClientDriver40"", ""both""), (u""org.apache.derby.jdbc.ClientDriver.getParentLogger()"", ""after""), (u""org.apache.derby.jdbc.ClientDriver"", ""both""))""]";false;[java/client/org/apache/derby/jdbc/ClientDriver.java, java/client/org/apache/derby/jdbc/ClientDriver40.java];org.apache.derby.jdbc.ClientDriver40.getParentLogger();org.apache.derby.jdbc.ClientDriver.getParentLogger()
apache_derby;1;"[""Pull Up Method""]";5781f54d8f0cf7f4fb049878f4ec849cffffc91b;"[""((u""org.apache.derby.impl.jdbc.EmbedResultSet40.isClosed()"", ""before""), (u""org.apache.derby.impl.jdbc.EmbedResultSet40"", ""both""), (u""org.apache.derby.impl.jdbc.EmbedResultSet.isClosed()"", ""after""), (u""org.apache.derby.impl.jdbc.EmbedResultSet"", ""both""))""]";false;[java/engine/org/apache/derby/impl/jdbc/EmbedResultSet.java, java/engine/org/apache/derby/impl/jdbc/EmbedResultSet40.java];org.apache.derby.impl.jdbc.EmbedResultSet40.isClosed();org.apache.derby.impl.jdbc.EmbedResultSet.isClosed()
apache_derby;1;"[""Pull Up Method""]";4aef9b04e91d22b153899700a3a295b686039a22;"[""((u""org.apache.derby.impl.sql.compile.NewInvocationNode.getCorrelationTables(JBitSet)"", ""before""), (u""org.apache.derby.impl.sql.compile.NewInvocationNode"", ""both""), (u""org.apache.derby.impl.sql.compile.MethodCallNode.getCorrelationTables(JBitSet)"", ""after""), (u""org.apache.derby.impl.sql.compile.MethodCallNode"", ""both""))""]";false;[java/engine/org/apache/derby/impl/sql/compile/MethodCallNode.java, java/engine/org/apache/derby/impl/sql/compile/NewInvocationNode.java];org.apache.derby.impl.sql.compile.NewInvocationNode.getCorrelationTables(JBitSet);org.apache.derby.impl.sql.compile.MethodCallNode.getCorrelationTables(JBitSet)
apache_derby;1;"[""Pull Up Method""]";2209325d3240cb74debe06c925e272126f4be29b;"[""((u""org.apache.derby.iapi.sql.dictionary.TableDescriptor.quoteProtectName(String)"", ""before""), (u""org.apache.derby.iapi.sql.dictionary.TableDescriptor"", ""both""), (u""org.apache.derby.iapi.sql.dictionary.TupleDescriptor.quoteProtectName(String)"", ""after""), (u""org.apache.derby.iapi.sql.dictionary.TupleDescriptor"", ""both""))""]";false;[java/engine/org/apache/derby/iapi/sql/dictionary/TableDescriptor.java, java/engine/org/apache/derby/iapi/sql/dictionary/TupleDescriptor.java];org.apache.derby.iapi.sql.dictionary.TableDescriptor.quoteProtectName(String);org.apache.derby.iapi.sql.dictionary.TupleDescriptor.quoteProtectName(String)
apache_derby;1;"[""Pull Up Method""]";c7d6c7586a306cf23696cfe1b58049286b4dbaef;"[""((u""org.apache.derby.impl.jdbc.EmbedResultSet40.getHoldability()"", ""before""), (u""org.apache.derby.impl.jdbc.EmbedResultSet40"", ""both""), (u""org.apache.derby.impl.jdbc.EmbedResultSet.getHoldability()"", ""after""), (u""org.apache.derby.impl.jdbc.EmbedResultSet"", ""both""))""]";false;[java/engine/org/apache/derby/impl/jdbc/EmbedResultSet.java, java/engine/org/apache/derby/impl/jdbc/EmbedResultSet40.java];org.apache.derby.impl.jdbc.EmbedResultSet40.getHoldability();org.apache.derby.impl.jdbc.EmbedResultSet.getHoldability()
apache_derby;1;"[""Pull Up Method""]";ed824068e216a52cc696569b80126dd2639eedf9;"[""((u""org.apache.derby.impl.sql.compile.ResultColumn.setNullability(boolean)"", ""before""), (u""org.apache.derby.impl.sql.compile.ResultColumn"", ""both""), (u""org.apache.derby.impl.sql.compile.ValueNode.setNullability(boolean)"", ""after""), (u""org.apache.derby.impl.sql.compile.ValueNode"", ""both""))""]";false;[java/engine/org/apache/derby/impl/sql/compile/ResultColumn.java, java/engine/org/apache/derby/impl/sql/compile/ValueNode.java];org.apache.derby.impl.sql.compile.ResultColumn.setNullability(boolean);org.apache.derby.impl.sql.compile.ValueNode.setNullability(boolean)
apache_derby;1;"[""Pull Up Method""]";01c7f8356c2c8dfc2a42a52f65fa2715b59662cb;"[""((u""org.apache.derby.client.am.PreparedStatement42.checkStatus()"", ""before""), (u""org.apache.derby.client.am.PreparedStatement42"", ""both""), (u""org.apache.derby.client.am.PreparedStatement.checkStatus()"", ""after""), (u""org.apache.derby.client.am.PreparedStatement"", ""both""))""]";false;[java/client/org/apache/derby/client/am/PreparedStatement.java, java/client/org/apache/derby/client/am/PreparedStatement42.java];org.apache.derby.client.am.PreparedStatement42.checkStatus();org.apache.derby.client.am.PreparedStatement.checkStatus()
apache_derby;1;"[""Pull Up Method""]";ffe3f662f94754b5116e091d440f24490af49b7e;"[""((u""org.apache.derbyTesting.functionTests.tests.jdbcapi.URCoveringIndexTest.tearDown()"", ""before""), (u""org.apache.derbyTesting.functionTests.tests.jdbcapi.URCoveringIndexTest"", ""both""), (u""org.apache.derbyTesting.functionTests.util.BaseJDBCTestCase.tearDown()"", ""after""), (u""org.apache.derbyTesting.functionTests.util.BaseJDBCTestCase"", ""both""))""]";;[java/testing/org/apache/derbyTesting/functionTests/tests/jdbcapi/URCoveringIndexTest.java, java/testing/org/apache/derbyTesting/functionTests/util/BaseJDBCTestCase.java];org.apache.derbyTesting.functionTests.tests.jdbcapi.URCoveringIndexTest.tearDown();org.apache.derbyTesting.functionTests.util.BaseJDBCTestCase.tearDown()
apache_derby;1;"[""Pull Up Method""]";5ef7a0d9e4f315a3b0b72012ab3fd8add5e7a6dc;"[""((u""org.apache.derby.client.am.CallableStatement40.setNString(int,String)"", ""before""), (u""org.apache.derby.client.am.CallableStatement40"", ""both""), (u""org.apache.derby.client.am.PreparedStatement.setNString(int,String)"", ""after""), (u""org.apache.derby.client.am.PreparedStatement"", ""both""))""]";;[java/client/org/apache/derby/client/am/CallableStatement40.java, java/client/org/apache/derby/client/am/PreparedStatement.java];org.apache.derby.client.am.CallableStatement40.setNString(int,String);org.apache.derby.client.am.PreparedStatement.setNString(int,String)
apache_derby;1;"[""Pull Up Method""]";bd5419873c4131c092c59b1c87d252082bea2a24;"[""((u""org.apache.derbyTesting.functionTests.tests.store.OnlineCompressTest.executeQuery(Connection,String,boolean)"", ""before""), (u""org.apache.derbyTesting.functionTests.tests.store.OnlineCompressTest"", ""both""), (u""org.apache.derbyTesting.functionTests.tests.store.BaseTest.executeQuery(Connection,String,boolean)"", ""after""), (u""org.apache.derbyTesting.functionTests.tests.store.BaseTest"", ""both""))""]";;[java/testing/org/apache/derbyTesting/functionTests/tests/store/BaseTest.java, java/testing/org/apache/derbyTesting/functionTests/tests/store/OnlineCompressTest.java];org.apache.derbyTesting.functionTests.tests.store.OnlineCompressTest.executeQuery(Connection,String,boolean);org.apache.derbyTesting.functionTests.tests.store.BaseTest.executeQuery(Connection,String,boolean)
apache_derby;1;"[""Pull Up Method""]";4b66efc84235fd5caae5d8eb810609258d95b303;"[""((u""org.apache.derby.iapi.types.SQLBlob.getTraceString()"", ""before""), (u""org.apache.derby.iapi.types.SQLBlob"", ""both""), (u""org.apache.derby.iapi.types.SQLBinary.getTraceString()"", ""after""), (u""org.apache.derby.iapi.types.SQLBinary"", ""both""))""]";;[java/engine/org/apache/derby/iapi/types/SQLBinary.java, java/engine/org/apache/derby/iapi/types/SQLBlob.java];org.apache.derby.iapi.types.SQLBlob.getTraceString();org.apache.derby.iapi.types.SQLBinary.getTraceString()
apache_derby;1;"[""Pull Up Method""]";75fbaa9a6287406c68ad952050a9c4e451426cde;"[""((u""org.apache.derby.impl.jdbc.EmbedConnection20.setTypeMap(java.util.Map)"", ""before""), (u""org.apache.derby.impl.jdbc.EmbedConnection20"", ""both""), (u""org.apache.derby.impl.jdbc.EmbedConnection.setTypeMap(java.util.Map)"", ""after""), (u""org.apache.derby.impl.jdbc.EmbedConnection"", ""both""))""]";;[java/engine/org/apache/derby/impl/jdbc/EmbedConnection.java, java/engine/org/apache/derby/impl/jdbc/EmbedConnection20.java];org.apache.derby.impl.jdbc.EmbedConnection20.setTypeMap(java.util.Map);org.apache.derby.impl.jdbc.EmbedConnection.setTypeMap(java.util.Map)
